id,article,problems,qa
middle3590.txt,"Querida Alice realmente tienes dos preguntas diferentes aquí, así que las discutiremos una a la vez. Sus problemas en la escuela pueden ser el resultado de varias cosas. No dices mucho sobre cómo estos compañeros de clase se llevan bien entre sí. Es posible que todos los estudiantes se sientan un poco cautelosos en el primer trimestre. También es posible que los otros no sean amables. Si no es así, usted tiene que averiguar por qué usted es el ""extranjero"" de la clase. En su carta dice que a menudo se ofrece a ayudar a otros con su trabajo. ¿Es posible que sus compañeros de clase no entiendan sus ofertas? ¿Podría parecer que usted estaba tratando de ""comprar"" amigos con estas ofertas, es posible que usted no se dio cuenta de sus compañeros de clase cuando tenía a su buen amigo cerca de usted? Pueden haberse sentido heridos en ese momento. Si es así, quizás les lleve un tiempo creer en ti. Trate de preguntarle directamente a un compañero de clase cuál es el problema. Si escuchas una respuesta negativa, al menos sabrás qué hacer.","[{""question"": ""Por la carta sabemos que Alice era muy ..."", ""answer"": ""D"", ""options"": [""Qué suerte."", ""No es amable."", ""inteligentes"", ""Desgraciado""]}, {""question"": ""De la carta podemos concluir que ..."", ""answer"": ""C"", ""options"": [""Alice no estaba contenta con sus maestros."", ""Los padres de Alice le hacían demasiado difícil el estudio."", ""Alice no se llevaba bien con sus compañeros de clase."", ""Alice no quería ir más a la escuela.""]}, {""question"": ""En la carta Shelia habló de las posibles razones de los problemas de Alice."", ""answer"": ""A"", ""options"": [""Cuatro"", ""Seis ."", ""siete años"", ""ocho""]}, {""question"": ""¿Cuál de las siguientes afirmaciones NO es cierta según la letra?"", ""answer"": ""C"", ""options"": [""Alice sintió que sus compañeros de clase no eran amables con ella."", ""Alice tenía un corazón muy cálido para ayudar a sus compañeros de clase."", ""Alice no quería llevarse bien con sus compañeros de clase."", ""La chica hizo dos preguntas en su carta.""]}, {""question"": ""Ese es el consejo de Shelia a Alice."", ""answer"": ""A"", ""options"": [""Alice debe averiguar la verdadera razón de sus problemas"", ""Alice debe dejar la escuela tan pronto como sea posible."", ""Alice debe obtener una respuesta negativa"", ""Alice debería comprar amigos con sus ofertas.""]}]","Lee el siguiente texto y responde las preguntas.

Querida Alice realmente tienes dos preguntas diferentes aquí, así que las discutiremos una a la vez. Sus problemas en la escuela pueden ser el resultado de varias cosas. No dices mucho sobre cómo estos compañeros de clase se llevan bien entre sí. Es posible que todos los estudiantes se sientan un poco cautelosos en el primer trimestre. También es posible que los otros no sean amables. Si no es así, usted tiene que averiguar por qué usted es el ""extranjero"" de la clase. En su carta dice que a menudo se ofrece a ayudar a otros con su trabajo. ¿Es posible que sus compañeros de clase no entiendan sus ofertas? ¿Podría parecer que usted estaba tratando de ""comprar"" amigos con estas ofertas, es posible que usted no se dio cuenta de sus compañeros de clase cuando tenía a su buen amigo cerca de usted? Pueden haberse sentido heridos en ese momento. Si es así, quizás les lleve un tiempo creer en ti. Trate de preguntarle directamente a un compañero de clase cuál es el problema. Si escuchas una respuesta negativa, al menos sabrás qué hacer.

Question 1: Por la carta sabemos que Alice era muy ...
Answer choices: [Qué suerte., No es amable., inteligentes, Desgraciado]
Answer: D

Question 2: De la carta podemos concluir que ...
Answer choices: [Alice no estaba contenta con sus maestros., Los padres de Alice le hacían demasiado difícil el estudio., Alice no se llevaba bien con sus compañeros de clase., Alice no quería ir más a la escuela.]
Answer: C

Question 3: En la carta Shelia habló de las posibles razones de los problemas de Alice.
Answer choices: [Cuatro, Seis ., siete años, ocho]
Answer: A

Question 4: ¿Cuál de las siguientes afirmaciones NO es cierta según la letra?
Answer choices: [Alice sintió que sus compañeros de clase no eran amables con ella., Alice tenía un corazón muy cálido para ayudar a sus compañeros de clase., Alice no quería llevarse bien con sus compañeros de clase., La chica hizo dos preguntas en su carta.]
Answer: C

Question 5: Ese es el consejo de Shelia a Alice.
Answer choices: [Alice debe averiguar la verdadera razón de sus problemas, Alice debe dejar la escuela tan pronto como sea posible., Alice debe obtener una respuesta negativa, Alice debería comprar amigos con sus ofertas.]
Answer: A"
high1417.txt,"Casi todas las chicas quieren estar saludables y hermosas. Intentan todos los medios para parecer más inteligentes. ""¿Cuáles son las mejores maneras? "" Muchas chicas pueden tener esta pregunta en mente. Aquí hay algunos consejos que son muy importantes para que las niñas sigan. Manténgase en forma. Consulte con su médico cuál es su rango de peso adecuado y trabaje para alcanzarlo y mantenerse dentro de él. Haga ejercicio, coma adecuadamente y beba mucha agua para alcanzar ese peso y estar lo más saludable posible. Mientras estés en tu rango saludable, te verás muy bien. Cuidado con tu estilo, de arriba a abajo. Hay dos cosas que pueden hacer o deshacer tu apariencia: tu cabello y tus zapatos. Consulte las revistas de peluquería y hable con su peluquero acerca de lo que se verá bien con la estructura de su cara. Siempre mantén tu cabello limpio y con estilo. Usa zapatos limpios y femeninos. Eso no quiere decir que siempre tengas que usar tacones altos. Asegúrese de que usted puede caminar cómodamente en ellos. Se a la moda. Aprenda sobre su tipo de cuerpo, altura, piel y preferencias. Descubre a ti mismo, y la moda vendrá a ti. No tienes que usar ropa de marca, especialmente si no puedes pagarla. Usted puede mirar a través de revistas de moda, elegir sus favoritos y luego encontrar los similares que usted puede permitirse. Sonríe, y hazlo como si lo quisieras. Sonríe, sé alegre y la gente lo notará. Te ayudará de muchas maneras. Sé amable con los demás. Ser guapa no te da el derecho de menospreciar a los demás o tratarlos mal. Sólo tener buena apariencia no significa que seas hermosa. Sin embargo, con el fin de ser delgadas y hermosas, algunas niñas pueden concentrarse fácilmente en perder peso, lo que resulta en trastornos de la alimentación. Tenga en cuenta que ser saludable es más importante que ser delgado. Así que trate de comer alimentos saludables, hacer ejercicio regularmente y mantenerse de buen humor.","[{""question"": ""¿De qué habla principalmente el pasaje?"", ""answer"": ""D"", ""options"": [""Cómo elegir ropa y zapatos."", ""¿Cuál es la verdadera belleza para las niñas."", ""¿Cuáles son las maneras de mantenerse en forma para las niñas."", ""Cómo ser una niña sana y hermosa.""]}, {""question"": ""El pasaje sugiere que las chicas deben estar a la moda."", ""answer"": ""B"", ""options"": [""usar ropa de diseño que puede hacerlos más modernos"", ""usar ropa de acuerdo con la forma de su cuerpo y sus preferencias"", ""Usa la ropa que a otras chicas bellas les gusta usar."", ""usar la ropa que se recomienda en las revistas de moda""]}, {""question"": ""¿Qué camino NO se recomienda en el pasaje para las niñas?"", ""answer"": ""A"", ""options"": [""Comer poco para adelgazar."", ""Haciendo esfuerzos para mantenerse en forma."", ""Poniendo atención al estilo."", ""Ser feliz y de buen corazón.""]}, {""question"": ""¿Qué podemos aprender de este pasaje?"", ""answer"": ""C"", ""options"": [""Las niñas deben seguir los consejos de los peluqueros para cambiar sus peinados todos los días."", ""Las chicas deben usar tacones altos aunque puedan ser incómodos."", ""Tratar de ser saludable es más importante que tratar de ser delgado."", ""Tener un buen peinado es más importante que usar zapatos de moda.""]}]","Lee el siguiente texto y responde las preguntas.

Casi todas las chicas quieren estar saludables y hermosas. Intentan todos los medios para parecer más inteligentes. ""¿Cuáles son las mejores maneras? "" Muchas chicas pueden tener esta pregunta en mente. Aquí hay algunos consejos que son muy importantes para que las niñas sigan. Manténgase en forma. Consulte con su médico cuál es su rango de peso adecuado y trabaje para alcanzarlo y mantenerse dentro de él. Haga ejercicio, coma adecuadamente y beba mucha agua para alcanzar ese peso y estar lo más saludable posible. Mientras estés en tu rango saludable, te verás muy bien. Cuidado con tu estilo, de arriba a abajo. Hay dos cosas que pueden hacer o deshacer tu apariencia: tu cabello y tus zapatos. Consulte las revistas de peluquería y hable con su peluquero acerca de lo que se verá bien con la estructura de su cara. Siempre mantén tu cabello limpio y con estilo. Usa zapatos limpios y femeninos. Eso no quiere decir que siempre tengas que usar tacones altos. Asegúrese de que usted puede caminar cómodamente en ellos. Se a la moda. Aprenda sobre su tipo de cuerpo, altura, piel y preferencias. Descubre a ti mismo, y la moda vendrá a ti. No tienes que usar ropa de marca, especialmente si no puedes pagarla. Usted puede mirar a través de revistas de moda, elegir sus favoritos y luego encontrar los similares que usted puede permitirse. Sonríe, y hazlo como si lo quisieras. Sonríe, sé alegre y la gente lo notará. Te ayudará de muchas maneras. Sé amable con los demás. Ser guapa no te da el derecho de menospreciar a los demás o tratarlos mal. Sólo tener buena apariencia no significa que seas hermosa. Sin embargo, con el fin de ser delgadas y hermosas, algunas niñas pueden concentrarse fácilmente en perder peso, lo que resulta en trastornos de la alimentación. Tenga en cuenta que ser saludable es más importante que ser delgado. Así que trate de comer alimentos saludables, hacer ejercicio regularmente y mantenerse de buen humor.

Question 1: ¿De qué habla principalmente el pasaje?
Answer choices: [Cómo elegir ropa y zapatos., ¿Cuál es la verdadera belleza para las niñas., ¿Cuáles son las maneras de mantenerse en forma para las niñas., Cómo ser una niña sana y hermosa.]
Answer: D

Question 2: El pasaje sugiere que las chicas deben estar a la moda.
Answer choices: [usar ropa de diseño que puede hacerlos más modernos, usar ropa de acuerdo con la forma de su cuerpo y sus preferencias, Usa la ropa que a otras chicas bellas les gusta usar., usar la ropa que se recomienda en las revistas de moda]
Answer: B

Question 3: ¿Qué camino NO se recomienda en el pasaje para las niñas?
Answer choices: [Comer poco para adelgazar., Haciendo esfuerzos para mantenerse en forma., Poniendo atención al estilo., Ser feliz y de buen corazón.]
Answer: A

Question 4: ¿Qué podemos aprender de este pasaje?
Answer choices: [Las niñas deben seguir los consejos de los peluqueros para cambiar sus peinados todos los días., Las chicas deben usar tacones altos aunque puedan ser incómodos., Tratar de ser saludable es más importante que tratar de ser delgado., Tener un buen peinado es más importante que usar zapatos de moda.]
Answer: C"
high10949.txt,"Muchos estadounidenses están recurriendo a Japón, piensan, un país de alto rendimiento académico y éxito económico, para posibles respuestas. Sin embargo, las respuestas que proporcionan los preescolares japoneses no son las que los estadounidenses esperaban encontrar. En la mayoría de los jardines de infancia japoneses se pone sorprendentemente poco énfasis en la instrucción académica. En una encuesta se preguntó a 300 maestros de preescolar japoneses y 210 estadounidenses, a especialistas en desarrollo infantil y a padres sobre varios aspectos de la educación infantil. Solo el 2 por ciento de los encuestados japoneses mencionaron ""dar a los niños un buen comienzo académico"" como una de las tres razones principales por las que una sociedad debe tener preescolares. En contraste, más de la mitad de los encuestados estadounidenses eligieron esto como una de sus tres opciones principales. Para preparar a los niños para una carrera exitosa en el primer grado y más allá, los preescolares japoneses no enseñan lectura, escritura y matemáticas, sino habilidades como la determinación, la concentración y la capacidad de trabajar en grupo. La gran mayoría de los niños japoneses pequeños son enseñados a leer en casa por sus padres. Al igual que en Estados Unidos, hay diversidad en la educación infantil japonesa. Algunos jardines de infancia japoneses tienen objetivos específicos, como la formación musical temprana o el desarrollo potencial. En las grandes ciudades, algunos jardines de infancia están adscritos a universidades que cuentan con escuelas primarias y secundarias. Algunos padres japoneses creen que si sus hijos pequeños asisten a un programa basado en la universidad, aumentarán las posibilidades de que eventualmente sean admitidos en las escuelas y universidades más prestigiosas. Varios programas más progresistas han introducido el juego libre como una salida para la intensa intelectualización en algunos jardines de infancia japoneses.","[{""question"": ""En la educación preescolar de Japón, el foco está en _ ."", ""answer"": ""D"", ""options"": [""preparación académica de los niños"", ""desarrollo de los intereses artísticos de los niños"", ""desarrollo del potencial de los niños"", ""la formación del carácter de los niños""]}, {""question"": ""¿Por qué envían algunos padres japoneses a sus hijos a guarderías universitarias?"", ""answer"": ""D"", ""options"": [""Pueden hacerlo mejor en sus estudios futuros."", ""Pueden hacer que crezca más experiencia de grupo allí."", ""Pueden ser egocéntricos cuando crezcan."", ""Pueden tener mejores posibilidades de obtener una educación de primera clase.""]}, {""question"": ""El juego libre ha sido introducido en algunos jardines de infancia japoneses para _ ."", ""answer"": ""C"", ""options"": [""ampliar el conocimiento de los niños"", ""Formar la creatividad de los niños"", ""aliviar la carga de estudio de los niños"", ""enriquecer la experiencia de los niños""]}]","Lee el siguiente texto y responde las preguntas.

Muchos estadounidenses están recurriendo a Japón, piensan, un país de alto rendimiento académico y éxito económico, para posibles respuestas. Sin embargo, las respuestas que proporcionan los preescolares japoneses no son las que los estadounidenses esperaban encontrar. En la mayoría de los jardines de infancia japoneses se pone sorprendentemente poco énfasis en la instrucción académica. En una encuesta se preguntó a 300 maestros de preescolar japoneses y 210 estadounidenses, a especialistas en desarrollo infantil y a padres sobre varios aspectos de la educación infantil. Solo el 2 por ciento de los encuestados japoneses mencionaron ""dar a los niños un buen comienzo académico"" como una de las tres razones principales por las que una sociedad debe tener preescolares. En contraste, más de la mitad de los encuestados estadounidenses eligieron esto como una de sus tres opciones principales. Para preparar a los niños para una carrera exitosa en el primer grado y más allá, los preescolares japoneses no enseñan lectura, escritura y matemáticas, sino habilidades como la determinación, la concentración y la capacidad de trabajar en grupo. La gran mayoría de los niños japoneses pequeños son enseñados a leer en casa por sus padres. Al igual que en Estados Unidos, hay diversidad en la educación infantil japonesa. Algunos jardines de infancia japoneses tienen objetivos específicos, como la formación musical temprana o el desarrollo potencial. En las grandes ciudades, algunos jardines de infancia están adscritos a universidades que cuentan con escuelas primarias y secundarias. Algunos padres japoneses creen que si sus hijos pequeños asisten a un programa basado en la universidad, aumentarán las posibilidades de que eventualmente sean admitidos en las escuelas y universidades más prestigiosas. Varios programas más progresistas han introducido el juego libre como una salida para la intensa intelectualización en algunos jardines de infancia japoneses.

Question 1: En la educación preescolar de Japón, el foco está en _ .
Answer choices: [preparación académica de los niños, desarrollo de los intereses artísticos de los niños, desarrollo del potencial de los niños, la formación del carácter de los niños]
Answer: D

Question 2: ¿Por qué envían algunos padres japoneses a sus hijos a guarderías universitarias?
Answer choices: [Pueden hacerlo mejor en sus estudios futuros., Pueden hacer que crezca más experiencia de grupo allí., Pueden ser egocéntricos cuando crezcan., Pueden tener mejores posibilidades de obtener una educación de primera clase.]
Answer: D

Question 3: El juego libre ha sido introducido en algunos jardines de infancia japoneses para _ .
Answer choices: [ampliar el conocimiento de los niños, Formar la creatividad de los niños, aliviar la carga de estudio de los niños, enriquecer la experiencia de los niños]
Answer: C"
middle7451.txt,"Hace cinco años, mi madre dio a luz a un hermano para mí cuando tenía 8 años. He aprendido mucho de llevarme bien con él. Después de su nacimiento, casi me convertí en niñera. Tuve que hacerlo después de la escuela. Le hacía caras y le cantaba cuando lloraba. A veces incluso lo llevaba a todas partes en el patio para refrescarlo mientras mis padres estaban ocupados. Lo que más me gustaba hacer era alimentarlo mientras lo cuidaba. ¡Qué lindo estaba cuando probó su comida favorita! Mis padres a menudo me elogiaban con alegría. Como hermano mayor, has hecho contribuciones para cuidar a tu hermano menor. ""Tengo la felicidad de compartir. Cuando era joven, era el único hijo de mi familia. Pude obtener lo que quería de mis padres y obtener todo el amor de mis padres. Yo era un ""Pequeño Emperador"". Pero ahora, mientras tenga algo bueno, lo compartiré con él. Recuerdo el año en que tenía tres años, le gustaban los cubos de Rubik. Le compré uno con mi dinero de la suerte como regalo de cumpleaños. Cuando recibió el juguete, estaba tan feliz que se rió, me abrazó y me dijo: ""Hermano, ¡te quiero! ""Gracias por pasar estos años con mi familia. Me ha enseñado lo que significa la responsabilidad, lo que significa el desinterés y lo que significa la amistad. No solo debo cuidar de mí mismo, sino que también debo prestar atención a mi familia y mis amigos.","[{""question"": ""Al cuidar de su hermano menor, el escritor hizo lo siguiente EXCEPTO _"", ""answer"": ""D"", ""options"": [""llevándolo por todas partes."", ""Haciéndole caras y cantándole."", ""Le estoy dando de comer."", ""Le estoy contando historias.""]}, {""question"": ""¿Qué edad tenía el escritor cuando le compró el regalo de cumpleaños a su hermano menor?"", ""answer"": ""C"", ""options"": [""¿Cuál es el problema? 3."", ""El ocho."", ""El once."", ""13 años.""]}, {""question"": ""Antes de que naciera su hermano menor, el escritor."", ""answer"": ""B"", ""options"": [""era una niñera en su familia"", ""era un \""Pequeño Emperador\"" en su familia"", ""cocinado para su familia"", ""compró un cubo de Rubik para sí mismo""]}, {""question"": ""Si tienes un hermano o una hermana en tu familia, podrías aprender a ser _ del pasaje."", ""answer"": ""A"", ""options"": [""el responsable"", ""egoísta"", ""Estoy solo."", ""desconcertado""]}]","Lee el siguiente texto y responde las preguntas.

Hace cinco años, mi madre dio a luz a un hermano para mí cuando tenía 8 años. He aprendido mucho de llevarme bien con él. Después de su nacimiento, casi me convertí en niñera. Tuve que hacerlo después de la escuela. Le hacía caras y le cantaba cuando lloraba. A veces incluso lo llevaba a todas partes en el patio para refrescarlo mientras mis padres estaban ocupados. Lo que más me gustaba hacer era alimentarlo mientras lo cuidaba. ¡Qué lindo estaba cuando probó su comida favorita! Mis padres a menudo me elogiaban con alegría. Como hermano mayor, has hecho contribuciones para cuidar a tu hermano menor. ""Tengo la felicidad de compartir. Cuando era joven, era el único hijo de mi familia. Pude obtener lo que quería de mis padres y obtener todo el amor de mis padres. Yo era un ""Pequeño Emperador"". Pero ahora, mientras tenga algo bueno, lo compartiré con él. Recuerdo el año en que tenía tres años, le gustaban los cubos de Rubik. Le compré uno con mi dinero de la suerte como regalo de cumpleaños. Cuando recibió el juguete, estaba tan feliz que se rió, me abrazó y me dijo: ""Hermano, ¡te quiero! ""Gracias por pasar estos años con mi familia. Me ha enseñado lo que significa la responsabilidad, lo que significa el desinterés y lo que significa la amistad. No solo debo cuidar de mí mismo, sino que también debo prestar atención a mi familia y mis amigos.

Question 1: Al cuidar de su hermano menor, el escritor hizo lo siguiente EXCEPTO _
Answer choices: [llevándolo por todas partes., Haciéndole caras y cantándole., Le estoy dando de comer., Le estoy contando historias.]
Answer: D

Question 2: ¿Qué edad tenía el escritor cuando le compró el regalo de cumpleaños a su hermano menor?
Answer choices: [¿Cuál es el problema? 3., El ocho., El once., 13 años.]
Answer: C

Question 3: Antes de que naciera su hermano menor, el escritor.
Answer choices: [era una niñera en su familia, era un ""Pequeño Emperador"" en su familia, cocinado para su familia, compró un cubo de Rubik para sí mismo]
Answer: B

Question 4: Si tienes un hermano o una hermana en tu familia, podrías aprender a ser _ del pasaje.
Answer choices: [el responsable, egoísta, Estoy solo., desconcertado]
Answer: A"
high20481.txt,"Los pastizales necesitan tiempo para descansar cuando el ganado y otros animales se alimentan de ellos. El traslado de animales de una zona de pasto a otra puede proporcionar el tiempo necesario para el nuevo crecimiento. Esto se llama pastoreo rotativo . El pastoreo por rotación es bueno para la tierra y los animales, y puede ahorrar dinero. Esta forma de pastoreo puede reducir la necesidad de tratamientos con pesticidas al reducir el crecimiento de las malas hierbas. Y puede limitar la necesidad de fertilizantes químicos dejando que los desechos animales hagan el trabajo de fertilizante natural. El pastoreo por rotación puede incluso ayudar a prevenir incendios forestales al mantener los pastizales en buenas condiciones. Permitir que los animales se alimenten continuamente e intensamente en las mismas áreas de pastoreo puede requerir costosos replantes. Los animales comen primero el crecimiento más deseable. Cuando eso sigue sucediendo, las raíces no tienen suficiente tiempo para recuperarse. Como resultado, las plantas menos deseables pueden reemplazarlas. Los pastizales de uso intensivo también se ven perjudicados, ya que el suelo se aplasta continuamente bajo el peso de los animales pesados. Si bien el pastoreo por rotación puede ahorrar dinero con el tiempo, también requiere planificación. Y eso comienza con un buen mapa para marcar vallas, suministros de agua y áreas de pastoreo. Cambiar los métodos de pastoreo también requiere tiempo. Los agricultores tal vez quieran colocar vallas eléctricas para cerrar las áreas de pastoreo, llamadas paddocks. Los paddocks necesitarán agua. Algunos granjeros diseñan un sendero para que los animales de diferentes corrales beban de un lugar común de riego. Los agricultores pueden comenzar el pastoreo por rotación retirando a los animales de un pasto cuando el pasto se come a menos de cinco centímetros. El pasto se mantiene vacío hasta que la hierba crece a más de quince centímetros de altura. Las ovejas y las cabras pueden requerir preparaciones especiales. Pueden necesitar vallas más fuertes que otros animales. Y mientras se alimentan de la hierba, es posible que necesiten animales de guardia para protegerlos de los animales que quisieran comerlos.","[{""question"": ""Los pastizales no dependerán de fertilizantes químicos cuando ..."", ""answer"": ""B"", ""options"": [""el suelo de las praderas es naturalmente rico"", ""los desechos animales sirven como fertilizante natural"", ""El pastoreo por rotación puede prevenir incendios forestales"", ""los pastizales suelen estar en buenas condiciones""]}, {""question"": ""La función de poner vallas eléctricas es _ ."", ""answer"": ""A"", ""options"": [""dividir el pasto en prados"", ""animar a los animales a moverse"", ""evitar que los animales permanezcan en un mismo lugar"", ""abastecer de agua a los animales""]}, {""question"": ""¿Por qué necesitan animales de guardia las ovejas y las cabras?"", ""answer"": ""C"", ""options"": [""Pueden saltar fácilmente las vallas."", ""No les gusta quedarse en el paddock."", ""Es probable que los animales salvajes los ataquen."", ""Los tigres y los leones prefieren las ovejas y las cabras.""]}, {""question"": ""¿Cuál sería el mejor título para el pasaje?"", ""answer"": ""A"", ""options"": [""Dando un descanso a las praderas"", ""Cómo alimentar a los animales"", ""Mantenimiento de los animales en movimiento en los pastizales"", ""Crecimiento del pasto y formas de pastoreo""]}]","Lee el siguiente texto y responde las preguntas.

Los pastizales necesitan tiempo para descansar cuando el ganado y otros animales se alimentan de ellos. El traslado de animales de una zona de pasto a otra puede proporcionar el tiempo necesario para el nuevo crecimiento. Esto se llama pastoreo rotativo . El pastoreo por rotación es bueno para la tierra y los animales, y puede ahorrar dinero. Esta forma de pastoreo puede reducir la necesidad de tratamientos con pesticidas al reducir el crecimiento de las malas hierbas. Y puede limitar la necesidad de fertilizantes químicos dejando que los desechos animales hagan el trabajo de fertilizante natural. El pastoreo por rotación puede incluso ayudar a prevenir incendios forestales al mantener los pastizales en buenas condiciones. Permitir que los animales se alimenten continuamente e intensamente en las mismas áreas de pastoreo puede requerir costosos replantes. Los animales comen primero el crecimiento más deseable. Cuando eso sigue sucediendo, las raíces no tienen suficiente tiempo para recuperarse. Como resultado, las plantas menos deseables pueden reemplazarlas. Los pastizales de uso intensivo también se ven perjudicados, ya que el suelo se aplasta continuamente bajo el peso de los animales pesados. Si bien el pastoreo por rotación puede ahorrar dinero con el tiempo, también requiere planificación. Y eso comienza con un buen mapa para marcar vallas, suministros de agua y áreas de pastoreo. Cambiar los métodos de pastoreo también requiere tiempo. Los agricultores tal vez quieran colocar vallas eléctricas para cerrar las áreas de pastoreo, llamadas paddocks. Los paddocks necesitarán agua. Algunos granjeros diseñan un sendero para que los animales de diferentes corrales beban de un lugar común de riego. Los agricultores pueden comenzar el pastoreo por rotación retirando a los animales de un pasto cuando el pasto se come a menos de cinco centímetros. El pasto se mantiene vacío hasta que la hierba crece a más de quince centímetros de altura. Las ovejas y las cabras pueden requerir preparaciones especiales. Pueden necesitar vallas más fuertes que otros animales. Y mientras se alimentan de la hierba, es posible que necesiten animales de guardia para protegerlos de los animales que quisieran comerlos.

Question 1: Los pastizales no dependerán de fertilizantes químicos cuando ...
Answer choices: [el suelo de las praderas es naturalmente rico, los desechos animales sirven como fertilizante natural, El pastoreo por rotación puede prevenir incendios forestales, los pastizales suelen estar en buenas condiciones]
Answer: B

Question 2: La función de poner vallas eléctricas es _ .
Answer choices: [dividir el pasto en prados, animar a los animales a moverse, evitar que los animales permanezcan en un mismo lugar, abastecer de agua a los animales]
Answer: A

Question 3: ¿Por qué necesitan animales de guardia las ovejas y las cabras?
Answer choices: [Pueden saltar fácilmente las vallas., No les gusta quedarse en el paddock., Es probable que los animales salvajes los ataquen., Los tigres y los leones prefieren las ovejas y las cabras.]
Answer: C

Question 4: ¿Cuál sería el mejor título para el pasaje?
Answer choices: [Dando un descanso a las praderas, Cómo alimentar a los animales, Mantenimiento de los animales en movimiento en los pastizales, Crecimiento del pasto y formas de pastoreo]
Answer: A"
high19339.txt,"Cuando un consumidor descubre que algo que compró está defectuoso o de alguna otra manera no está a la altura de lo que dice el productor, el primer paso es presentar la garantía, o cualquier otro documento que pueda ayudar, en la tienda de compra. En la mayoría de los casos, esta acción producirá resultados. Sin embargo, si no lo hace, hay varios medios que el consumidor puede utilizar para obtener satisfacción. Un método sencillo y común utilizado por muchos consumidores es quejarse directamente al gerente de la tienda. En general, cuanto más alto lleve el consumidor su queja, más rápido puede esperar que se resuelva. En tal caso, suele resolverse a favor del consumidor, considerando que éste tiene un derecho legítimo. Los consumidores deben quejarse en persona siempre que sea posible, pero si no pueden llegar al lugar de compra, es aceptable llamar por teléfono o escribir la queja en una carta. Las quejas suelen ser más efectivas cuando se hacen con cortesía pero con firmeza, y especialmente cuando el consumidor puede mostrar claramente lo que está mal con lo que compró en cuestión. Si esto no puede hacerse, el consumidor tendrá más éxito presentando información específica sobre lo que está mal, en lugar de hacer declaraciones generales. Por ejemplo, ""El altavoz izquierdo no funciona en absoluto y el sonido que sale del derecho no es claro"" es mejor que ""Este estéreo no funciona. ¿Qué es eso? El administrador de la tienda puede aconsejar al consumidor que escriba al productor, si es así, el consumidor debe hacerlo, indicando la queja de la manera más cortés y firme posible. Pero si una queja educada no logra el resultado esperado, el consumidor puede dar un paso más allá. Puede amenazar con llevar al vendedor a los tribunales o denunciarlo a una organización pública encargada de proteger los derechos de los consumidores.","[{""question"": ""Cuando un consumidor descubre que lo que compró tiene un defecto, primero debería _ ."", ""answer"": ""B"", ""options"": [""Quejarse personalmente con el gerente."", ""mostrar algo demostrable en forma escrita a la tienda"", ""amenazar con llevar el asunto a los tribunales"", ""Escribe una carta firme de queja a la tienda.""]}, {""question"": ""Si un consumidor quiere una solución rápida de su problema, es mejor quejarse a _ ."", ""answer"": ""D"", ""options"": [""un ayudante de tienda"", ""el productor"", ""una organización pública"", ""un gerente de tienda""]}, {""question"": ""La queja más efectiva sobre lo que se compró puede ser hecha por _ ."", ""answer"": ""D"", ""options"": [""Demostrando el fallo del mismo al productor"", ""diciendo firmemente que es de mala calidad"", ""Pidiendo educadamente para cambiarlo"", ""explicando exactamente lo que está mal con él""]}, {""question"": ""El pasaje nos dice ..."", ""answer"": ""A"", ""options"": [""cómo hacer que la queja tenga un buen efecto"", ""Cómo resolver una queja de un consumidor"", ""cómo evitar comprar algo equivocado"", ""Cómo tratar las quejas de los consumidores""]}, {""question"": ""De acuerdo con el pasaje, la última forma de un consumidor tiene que utilizar es _"", ""answer"": ""C"", ""options"": [""para escribir al productor"", ""para pelear con el gerente"", ""advertir al vendedor para que acuda al tribunal o a una organización pública en busca de ayuda"", ""para recoger varios luchadores para amenazar al vendedor""]}]","Lee el siguiente texto y responde las preguntas.

Cuando un consumidor descubre que algo que compró está defectuoso o de alguna otra manera no está a la altura de lo que dice el productor, el primer paso es presentar la garantía, o cualquier otro documento que pueda ayudar, en la tienda de compra. En la mayoría de los casos, esta acción producirá resultados. Sin embargo, si no lo hace, hay varios medios que el consumidor puede utilizar para obtener satisfacción. Un método sencillo y común utilizado por muchos consumidores es quejarse directamente al gerente de la tienda. En general, cuanto más alto lleve el consumidor su queja, más rápido puede esperar que se resuelva. En tal caso, suele resolverse a favor del consumidor, considerando que éste tiene un derecho legítimo. Los consumidores deben quejarse en persona siempre que sea posible, pero si no pueden llegar al lugar de compra, es aceptable llamar por teléfono o escribir la queja en una carta. Las quejas suelen ser más efectivas cuando se hacen con cortesía pero con firmeza, y especialmente cuando el consumidor puede mostrar claramente lo que está mal con lo que compró en cuestión. Si esto no puede hacerse, el consumidor tendrá más éxito presentando información específica sobre lo que está mal, en lugar de hacer declaraciones generales. Por ejemplo, ""El altavoz izquierdo no funciona en absoluto y el sonido que sale del derecho no es claro"" es mejor que ""Este estéreo no funciona. ¿Qué es eso? El administrador de la tienda puede aconsejar al consumidor que escriba al productor, si es así, el consumidor debe hacerlo, indicando la queja de la manera más cortés y firme posible. Pero si una queja educada no logra el resultado esperado, el consumidor puede dar un paso más allá. Puede amenazar con llevar al vendedor a los tribunales o denunciarlo a una organización pública encargada de proteger los derechos de los consumidores.

Question 1: Cuando un consumidor descubre que lo que compró tiene un defecto, primero debería _ .
Answer choices: [Quejarse personalmente con el gerente., mostrar algo demostrable en forma escrita a la tienda, amenazar con llevar el asunto a los tribunales, Escribe una carta firme de queja a la tienda.]
Answer: B

Question 2: Si un consumidor quiere una solución rápida de su problema, es mejor quejarse a _ .
Answer choices: [un ayudante de tienda, el productor, una organización pública, un gerente de tienda]
Answer: D

Question 3: La queja más efectiva sobre lo que se compró puede ser hecha por _ .
Answer choices: [Demostrando el fallo del mismo al productor, diciendo firmemente que es de mala calidad, Pidiendo educadamente para cambiarlo, explicando exactamente lo que está mal con él]
Answer: D

Question 4: El pasaje nos dice ...
Answer choices: [cómo hacer que la queja tenga un buen efecto, Cómo resolver una queja de un consumidor, cómo evitar comprar algo equivocado, Cómo tratar las quejas de los consumidores]
Answer: A

Question 5: De acuerdo con el pasaje, la última forma de un consumidor tiene que utilizar es _
Answer choices: [para escribir al productor, para pelear con el gerente, advertir al vendedor para que acuda al tribunal o a una organización pública en busca de ayuda, para recoger varios luchadores para amenazar al vendedor]
Answer: C"
high18525.txt,"Mi día comenzó como todos los otros días de los últimos 15 años donde me levanto, hago un café, me ducho, me visto y salgo a la estación de tren exactamente a las 7:35 a.m. ¿ Qué ? para llegar al trabajo a las 8:30. En el tren siempre elegía un asiento lejos de la multitud para poder leer el periódico en paz y tranquilidad. En el trabajo siempre estoy siendo inundado de preguntas de compañeros de trabajo, proveedores, por teléfono y luego esas terribles reuniones, así que lo último que necesito es que algún extraño se siente a mi lado y tenga una pequeña charla. No sé por qué pero por alguna razón cuando subí al tren hoy estaba inusualmente lleno, algo que no recuerdo haber pasado en el pasado. Con vacilación me senté en el único asiento disponible junto a un hombre de mediana edad que tenía la cabeza agachada y parecía estar absorto en sus pensamientos. Me alegraba que no se diera cuenta cuando me senté a su lado mientras continuaba mirando hacia el suelo. Poco después de que el tren partiera para mi viaje de 30 minutos al centro me encontré preguntándome en qué estaba pensando este hombre. ¿Qué podría ser tan importante que ni siquiera me vio sentado a su lado? Traté de olvidarlo y comencé a leer mi periódico. Sin embargo, por alguna extraña razón, esta ""voz interior"" seguía instándome a hablar con este hombre. Traté de ignorar la ""voz"" ya que no había manera de que estuviera comenzando una conversación con un completo desconocido. ¿Cuál es el problema? ¿Cómo estás? Como probablemente adivinaste, al final me rompí y se me ocurrió una excusa para hacerle una pregunta. Cuando levantó la cabeza y volvió los ojos hacia mí pude ver que debe haber estado muy molesto, ya que tenía los ojos rojos y todavía tenía algunas lágrimas rodando por el lado de su cara a pesar de su débil intento de limpiarlos. No puedo describir la tristeza que sentí al ver a alguien con tanto dolor. Hablamos durante unos 20 minutos y al final parecía estar mejor. Cuando salimos del tren me dio las gracias una y otra vez por ser un ángel al tomarse el tiempo para hablar. Nunca supe qué estaba haciendo que su corazón estuviera tan pesado de dolor, pero me alegré de haber escuchado la ""voz"" aquel día. Habían pasado varias semanas cuando me di cuenta de un sobre en mi escritorio después de regresar del almuerzo. No estaba dirigida a nadie y sólo tenía la palabra ""Ángel"" escrita en ella. Mi recepcionista adjuntó una nota diciendo que un caballero lo dejó diciendo que no sabía mi nombre pero me había descrito lo suficientemente bien como para que la recepcionista supiera que era para mí. Cuando leí la nota dentro del sobre, estaba tan lleno de emociones que no pude contenerme. Era una carta del hombre que conocí en el tren agradeciéndome de nuevo por hablar con él y salvarle la vida ese día. Aparentemente tenía algunos problemas personales muy dolorosos que eran tan desafiantes que planeaba quitarse la vida ese día. En su carta continuó explicando que él era una persona religiosa y en desesperación le gritó a Dios que si Dios realmente se preocupaba por él enviaría a alguien para evitar que se quitara la vida. En sus ojos yo era ese alguien, ese ángel enviado por Dios. Como yo no soy una persona religiosa, no sé qué fue esa ""voz"" que me hizo arriesgarme y hablar con un extraño, pero sí sé que hizo una diferencia en la vida de alguien ese día. Así que la próxima vez que te sientas deseado sin razón aparente para hablar con un amigo, un vecino o incluso un completo desconocido por favor recuerda mi historia, puedes hacer una diferencia en la vida de alguien cuando escuchas tu voz interior.","[{""question"": ""¿Por qué dice el escritor \""Me alegraba que no se diera cuenta cuando me senté a su lado mientras continuaba mirando hacia el suelo\""?"", ""answer"": ""B"", ""options"": [""El extraño estaba perdido en sus pensamientos."", ""El escritor prefirió una circunstancia de viaje pacífica."", ""El extraño parecía un poco anormal ese día."", ""El escritor estaba ansioso por llegar al trabajo a las 8:30.""]}, {""question"": ""¿A quién se refiere la palabra subrayada \""él\""?"", ""answer"": ""C"", ""options"": [""El escritor."", ""El extraño."", ""¡Dios mío!"", ""Es un ángel.""]}, {""question"": ""¿Qué podemos inferir de este pasaje?"", ""answer"": ""D"", ""options"": [""El desconocido envió una carta al escritor por correo."", ""El escritor no era religioso."", ""Algo dentro del escritor le impulsó a tener una conversación con el extraño."", ""Escuchar la voz interior de uno a veces cuenta.""]}]","Lee el siguiente texto y responde las preguntas.

Mi día comenzó como todos los otros días de los últimos 15 años donde me levanto, hago un café, me ducho, me visto y salgo a la estación de tren exactamente a las 7:35 a.m. ¿ Qué ? para llegar al trabajo a las 8:30. En el tren siempre elegía un asiento lejos de la multitud para poder leer el periódico en paz y tranquilidad. En el trabajo siempre estoy siendo inundado de preguntas de compañeros de trabajo, proveedores, por teléfono y luego esas terribles reuniones, así que lo último que necesito es que algún extraño se siente a mi lado y tenga una pequeña charla. No sé por qué pero por alguna razón cuando subí al tren hoy estaba inusualmente lleno, algo que no recuerdo haber pasado en el pasado. Con vacilación me senté en el único asiento disponible junto a un hombre de mediana edad que tenía la cabeza agachada y parecía estar absorto en sus pensamientos. Me alegraba que no se diera cuenta cuando me senté a su lado mientras continuaba mirando hacia el suelo. Poco después de que el tren partiera para mi viaje de 30 minutos al centro me encontré preguntándome en qué estaba pensando este hombre. ¿Qué podría ser tan importante que ni siquiera me vio sentado a su lado? Traté de olvidarlo y comencé a leer mi periódico. Sin embargo, por alguna extraña razón, esta ""voz interior"" seguía instándome a hablar con este hombre. Traté de ignorar la ""voz"" ya que no había manera de que estuviera comenzando una conversación con un completo desconocido. ¿Cuál es el problema? ¿Cómo estás? Como probablemente adivinaste, al final me rompí y se me ocurrió una excusa para hacerle una pregunta. Cuando levantó la cabeza y volvió los ojos hacia mí pude ver que debe haber estado muy molesto, ya que tenía los ojos rojos y todavía tenía algunas lágrimas rodando por el lado de su cara a pesar de su débil intento de limpiarlos. No puedo describir la tristeza que sentí al ver a alguien con tanto dolor. Hablamos durante unos 20 minutos y al final parecía estar mejor. Cuando salimos del tren me dio las gracias una y otra vez por ser un ángel al tomarse el tiempo para hablar. Nunca supe qué estaba haciendo que su corazón estuviera tan pesado de dolor, pero me alegré de haber escuchado la ""voz"" aquel día. Habían pasado varias semanas cuando me di cuenta de un sobre en mi escritorio después de regresar del almuerzo. No estaba dirigida a nadie y sólo tenía la palabra ""Ángel"" escrita en ella. Mi recepcionista adjuntó una nota diciendo que un caballero lo dejó diciendo que no sabía mi nombre pero me había descrito lo suficientemente bien como para que la recepcionista supiera que era para mí. Cuando leí la nota dentro del sobre, estaba tan lleno de emociones que no pude contenerme. Era una carta del hombre que conocí en el tren agradeciéndome de nuevo por hablar con él y salvarle la vida ese día. Aparentemente tenía algunos problemas personales muy dolorosos que eran tan desafiantes que planeaba quitarse la vida ese día. En su carta continuó explicando que él era una persona religiosa y en desesperación le gritó a Dios que si Dios realmente se preocupaba por él enviaría a alguien para evitar que se quitara la vida. En sus ojos yo era ese alguien, ese ángel enviado por Dios. Como yo no soy una persona religiosa, no sé qué fue esa ""voz"" que me hizo arriesgarme y hablar con un extraño, pero sí sé que hizo una diferencia en la vida de alguien ese día. Así que la próxima vez que te sientas deseado sin razón aparente para hablar con un amigo, un vecino o incluso un completo desconocido por favor recuerda mi historia, puedes hacer una diferencia en la vida de alguien cuando escuchas tu voz interior.

Question 1: ¿Por qué dice el escritor ""Me alegraba que no se diera cuenta cuando me senté a su lado mientras continuaba mirando hacia el suelo""?
Answer choices: [El extraño estaba perdido en sus pensamientos., El escritor prefirió una circunstancia de viaje pacífica., El extraño parecía un poco anormal ese día., El escritor estaba ansioso por llegar al trabajo a las 8:30.]
Answer: B

Question 2: ¿A quién se refiere la palabra subrayada ""él""?
Answer choices: [El escritor., El extraño., ¡Dios mío!, Es un ángel.]
Answer: C

Question 3: ¿Qué podemos inferir de este pasaje?
Answer choices: [El desconocido envió una carta al escritor por correo., El escritor no era religioso., Algo dentro del escritor le impulsó a tener una conversación con el extraño., Escuchar la voz interior de uno a veces cuenta.]
Answer: D"
high15199.txt,"El ADN es uno de los descubrimientos más importantes de la ciencia. El ADN es el plan para el ser humano, como un plano es el plan para un edificio. El ADN hace que una persona se vea como se ve. El ADN de una persona proviene de una mezcla del ADN de sus padres. Por eso un niño se parece a sus padres. Pero, además de controlar cosas como la altura y el color del cabello, el ADN también puede transmitir enfermedades a las personas. Los científicos ahora están estudiando el ADN para curar enfermedades. En los años setenta, los científicos desarrollaron un proceso llamado ADN recombinante o RDNA. Aunque suene difícil de entender, RADN simplemente significa tomar ADN de un animal o planta y ponerlo en otro. Al hacerlo, los científicos pueden crear nuevos seres. Al hacerlo, los científicos pueden entender mejor el ADN, especialmente qué partes del ADN hacen qué. Después de entender el ADN, los científicos pueden comenzar a curar enfermedades. A menudo, el nuevo ser creado será la cura. Además de curar enfermedades, la investigación de RDNA también puede hacer otras cosas. Por ejemplo, en Japón los científicos ya han creado ""súper árboles"". Los árboles ayudan a los humanos, porque toman CO2, que envenena a los humanos, del aire y lo convierten en oxígeno, que permite a los humanos respirar. Los ""súper árboles"" hacen esto también, pero lo hacen mucho más rápido. Dado que cosas como los coches y las fábricas ya han introducido mucho CO2 en la zona, los ""súper árboles"" son muy necesarios. Por desgracia, hay un grave peligro en la investigación del ADNR. Los científicos quieren crear animales para curar enfermedades antiguas, pero estos nuevos animales también pueden crear nuevas enfermedades. Será un problema serio si los animales escapan del laboratorio científico y entran en la naturaleza. Como estos animales no son naturales, pueden _ muchas nuevas enfermedades poderosas. Como resultado, la investigación de RDNA creará muchas soluciones, pero también creará muchos problemas.","[{""question"": ""Por el pasaje, podemos saber que un niño se parece a sus padres porque..."", ""answer"": ""B"", ""options"": [""Es hijo de sus padres."", ""El ADN de sus padres decide su apariencia."", ""ha recibido ADN de su padre o de su madre."", ""Los científicos han puesto algo del ADN de sus padres en él.""]}, {""question"": ""¿Cuál es el mejor título para el pasaje?"", ""answer"": ""D"", ""options"": [""La investigación del ADN en Japón"", ""Una nueva forma de investigación del ADN en Japón."", ""Las causas y los efectos de la investigación del ADN"", ""Las ventajas y desventajas de RDNA""]}, {""question"": ""Las siguientes afirmaciones son ciertas sobre la investigación de RDNA EXCEPTO _ ."", ""answer"": ""A"", ""options"": [""La investigación se ha detenido porque los animales creados son portadores de virus."", ""\""súper árboles\"" podrían ser ampliamente plantados en todo el mundo"", ""los científicos no han entendido completamente el ADN"", ""La investigación de RDNA beneficiará mucho a los seres humanos.""]}, {""question"": ""Puede que encuentres este pasaje en un _ ."", ""answer"": ""C"", ""options"": [""revista de moda"", ""novela"", ""periódico científico"", ""periódico deportivo""]}]","Lee el siguiente texto y responde las preguntas.

El ADN es uno de los descubrimientos más importantes de la ciencia. El ADN es el plan para el ser humano, como un plano es el plan para un edificio. El ADN hace que una persona se vea como se ve. El ADN de una persona proviene de una mezcla del ADN de sus padres. Por eso un niño se parece a sus padres. Pero, además de controlar cosas como la altura y el color del cabello, el ADN también puede transmitir enfermedades a las personas. Los científicos ahora están estudiando el ADN para curar enfermedades. En los años setenta, los científicos desarrollaron un proceso llamado ADN recombinante o RDNA. Aunque suene difícil de entender, RADN simplemente significa tomar ADN de un animal o planta y ponerlo en otro. Al hacerlo, los científicos pueden crear nuevos seres. Al hacerlo, los científicos pueden entender mejor el ADN, especialmente qué partes del ADN hacen qué. Después de entender el ADN, los científicos pueden comenzar a curar enfermedades. A menudo, el nuevo ser creado será la cura. Además de curar enfermedades, la investigación de RDNA también puede hacer otras cosas. Por ejemplo, en Japón los científicos ya han creado ""súper árboles"". Los árboles ayudan a los humanos, porque toman CO2, que envenena a los humanos, del aire y lo convierten en oxígeno, que permite a los humanos respirar. Los ""súper árboles"" hacen esto también, pero lo hacen mucho más rápido. Dado que cosas como los coches y las fábricas ya han introducido mucho CO2 en la zona, los ""súper árboles"" son muy necesarios. Por desgracia, hay un grave peligro en la investigación del ADNR. Los científicos quieren crear animales para curar enfermedades antiguas, pero estos nuevos animales también pueden crear nuevas enfermedades. Será un problema serio si los animales escapan del laboratorio científico y entran en la naturaleza. Como estos animales no son naturales, pueden _ muchas nuevas enfermedades poderosas. Como resultado, la investigación de RDNA creará muchas soluciones, pero también creará muchos problemas.

Question 1: Por el pasaje, podemos saber que un niño se parece a sus padres porque...
Answer choices: [Es hijo de sus padres., El ADN de sus padres decide su apariencia., ha recibido ADN de su padre o de su madre., Los científicos han puesto algo del ADN de sus padres en él.]
Answer: B

Question 2: ¿Cuál es el mejor título para el pasaje?
Answer choices: [La investigación del ADN en Japón, Una nueva forma de investigación del ADN en Japón., Las causas y los efectos de la investigación del ADN, Las ventajas y desventajas de RDNA]
Answer: D

Question 3: Las siguientes afirmaciones son ciertas sobre la investigación de RDNA EXCEPTO _ .
Answer choices: [La investigación se ha detenido porque los animales creados son portadores de virus., ""súper árboles"" podrían ser ampliamente plantados en todo el mundo, los científicos no han entendido completamente el ADN, La investigación de RDNA beneficiará mucho a los seres humanos.]
Answer: A

Question 4: Puede que encuentres este pasaje en un _ .
Answer choices: [revista de moda, novela, periódico científico, periódico deportivo]
Answer: C"
middle7257.txt,"Recorrido en bicicleta y carrera Un recorrido en bicicleta y carrera se llevará a cabo el 26 y 27 de agosto (Sat. Y el sol. ) a las 5:30 a.m. ¿Qué es esto? Los corredores saldrán de la Plaza Tian'anmen y recorrerán los primeros 35 kilómetros como una etapa de entrenamiento. Luego la siguiente etapa de 55 kilómetros, de Yanjiao a Jixian, será la primera parte competitiva de la gira. Los jinetes serán llevados de Jixian a Changli. La segunda carrera del recorrido será desde Changli hasta la costa de Nandaihe, cubriendo unos 20 kilómetros. El sábado por la noche los jinetes se quedarán en Nandaihe para cenar. El domingo por la mañana es libre para jugar en la playa. Al mediodía todas las personas y sus bicicletas serán llevadas de vuelta a Beijing. El coste: Y=200 Teléfono: 010--60875678","[{""question"": ""El pasaje es para dar información sobre _ ."", ""answer"": ""C"", ""options"": [""equipos visitantes"", ""jugadores famosos"", ""cosas para hacer durante el fin de semana"", ""los precios a pagar por los ciclistas""]}, {""question"": ""Si participa en el recorrido en bicicleta, recorrerá _ kilómetros."", ""answer"": ""D"", ""options"": [""35 de las"", ""En el caso de los"", ""75 por ciento"", ""110 de los Estados miembros.""]}, {""question"": ""¿En qué lugares montarás en la primera parte de la competición?"", ""answer"": ""B"", ""options"": [""Desde Pekín hasta Yanjiao."", ""Desde Yanjiao hasta Jixian."", ""Desde la plaza Tian Anmen hasta Changli."", ""Desde la plaza Tian'anmen hasta Nandaihe.""]}, {""question"": ""Si quieres hacer algo el fin de semana, ¿qué deberías hacer?"", ""answer"": ""A"", ""options"": [""Llame al 010--60875678 y participe en el Tour y Carrera de Bicicletas."", ""Ve a la plaza de Tian'anmen y recorre 35 kilómetros."", ""Pagar Y=200 para ver el Tour y Carrera de Bicicletas."", ""Quédate en Nandaihe para la cena.""]}]","Lee el siguiente texto y responde las preguntas.

Recorrido en bicicleta y carrera Un recorrido en bicicleta y carrera se llevará a cabo el 26 y 27 de agosto (Sat. Y el sol. ) a las 5:30 a.m. ¿Qué es esto? Los corredores saldrán de la Plaza Tian'anmen y recorrerán los primeros 35 kilómetros como una etapa de entrenamiento. Luego la siguiente etapa de 55 kilómetros, de Yanjiao a Jixian, será la primera parte competitiva de la gira. Los jinetes serán llevados de Jixian a Changli. La segunda carrera del recorrido será desde Changli hasta la costa de Nandaihe, cubriendo unos 20 kilómetros. El sábado por la noche los jinetes se quedarán en Nandaihe para cenar. El domingo por la mañana es libre para jugar en la playa. Al mediodía todas las personas y sus bicicletas serán llevadas de vuelta a Beijing. El coste: Y=200 Teléfono: 010--60875678

Question 1: El pasaje es para dar información sobre _ .
Answer choices: [equipos visitantes, jugadores famosos, cosas para hacer durante el fin de semana, los precios a pagar por los ciclistas]
Answer: C

Question 2: Si participa en el recorrido en bicicleta, recorrerá _ kilómetros.
Answer choices: [35 de las, En el caso de los, 75 por ciento, 110 de los Estados miembros.]
Answer: D

Question 3: ¿En qué lugares montarás en la primera parte de la competición?
Answer choices: [Desde Pekín hasta Yanjiao., Desde Yanjiao hasta Jixian., Desde la plaza Tian Anmen hasta Changli., Desde la plaza Tian'anmen hasta Nandaihe.]
Answer: B

Question 4: Si quieres hacer algo el fin de semana, ¿qué deberías hacer?
Answer choices: [Llame al 010--60875678 y participe en el Tour y Carrera de Bicicletas., Ve a la plaza de Tian'anmen y recorre 35 kilómetros., Pagar Y=200 para ver el Tour y Carrera de Bicicletas., Quédate en Nandaihe para la cena.]
Answer: A"
high13841.txt,"Un sábado por la mañana a principios de septiembre, el mundo vio por primera vez el Strati. Este vehículo eléctrico es diferente a cualquier otro actualmente en la carretera. Rueda sobre cuatro ruedas, pero su carrocería y chasis no fueron construidos en una fábrica. En su lugar, los diseñadores de Strati usaron una tecnología llamada impresión 3D. Creó esas partes del coche en una sola pieza, desde cero. ""En comparación con un vehículo típico en la carretera, el Strati definitivamente tiene un aspecto diferente"", dice Greg Schroeder, ingeniero investigador sénior del Centro de Investigación Automotriz de Ann Arbor (Michigan). No trabajó en el coche nuevo. Su organización estudia tendencias y cambios en la industria automotriz. Tomó 44 horas para imprimir el nuevo coche en el Salón Internacional de Tecnología de Fabricación en Chicago. Durante los siguientes días, los diseñadores del coche instalaron piezas adicionales. Estos incluían el motor, los frenos y los neumáticos del automóvil. Luego, a primera hora del 13 de septiembre, Jay Rogers se subió al automóvil, encendió el motor y condujo el vehículo a la calle. Rogers ayudó a fundar Local Motors. Es la compañía con sede en Arizona detrás del Strati. Dos semanas más tarde, su equipo imprimió un segundo Strati, y con la misma rapidez, en una feria en la ciudad de Nueva York. Justin Fishkin, un funcionario local de Motors, ve el Strati como una ventana hacia el futuro. Hoy en día, los compradores de automóviles están limitados en su elección de un vehículo. Sólo pueden pedir lo que las compañías de automóviles ya han diseñado. Pero en el futuro, dice, es posible que pueda diseñar su propio coche en línea y luego imprimirlo a pedido. Los expertos en fabricación dicen que la impresión 3D ha comenzado a revolucionar la forma en que hacen las cosas. La tecnología existe desde hace décadas. Pero estas máquinas solían ser tan caras que sólo las grandes empresas podían permitírselo. En los últimos años, sin embargo, eso ha cambiado. Muchas de las máquinas son ahora lo suficientemente baratas para que las pequeñas empresas, o incluso los individuos, las posean. Algunas bibliotecas locales las ponen a disposición del público. Las escuelas secundarias están empezando a usarlos en las aulas. El amplio acceso a estas impresoras significa que las personas ahora pueden diseñar e imprimir una gran variedad de cosas nuevas. La impresora del coche es un dispositivo único. La tecnología detrás de la impresora 3D utilizada en Chicago es un ejemplo de fabricación aditiva. Este proceso construye objetos sólidos, rebanada por rebanada, de abajo hacia arriba. (""Strati"" quiere decir capas, en italiano. ) Un brazo mecánico mueve un _ de un lado a otro, hacia adelante y hacia atrás. A medida que se mueve, la boquilla deposita un líquido, a menudo plástico o metal fundido (pero podría ser alimentos, hormigón o incluso células), que se endurece rápidamente o se une para convertirse en sólido o semisólido. Esto crea una sola capa delgada. Una vez que una capa está completa, la impresora comienza a depositar la siguiente. ""Hay mucho interés en la impresión 3D en la industria automotriz"", dice Schroeder. En este momento, la tecnología es particularmente útil para construir modelos de automóviles o piezas de automóviles. Para competir con los actuales fabricantes de automóviles, la impresora 3D tendría que aumentar a toda prisa, dice Schroeder. En contraste, señala, una camioneta Ford F-150 sale de la línea de montaje a una velocidad de aproximadamente una por minuto. Para imprimir tantos Stratis se necesitarían muchos más impresores. Schroeder dice que no ve que la impresión 3D se haga cargo pronto de una fabricación de tan alto volumen. Pero añade: ""¿Quién sabe lo que sucederá a largo plazo? "" Científicos del Laboratorio Nacional de Oak Ridge en Tennessee diseñaron la impresora 3D utilizada en Chicago. Lonnie Love, un científico investigador en el laboratorio, dirigió el esfuerzo. La fabricación aditiva suele ser lenta y costosa. También puede producir materiales que no son confiables, dice Love. Así que durante dos años, su equipo buscó formas de mejorar la impresión 3D. Construyeron nuevas máquinas y las probaron una y otra vez. Todo ese trabajo dio sus frutos: su nueva impresora es rápida y utiliza materiales menos costosos que las impresoras anteriores. Además, imprime un plástico incrustado con fibras de carbono para producir un material más fuerte. Esto ayuda a garantizar que el material no se agriete o se rompa bajo presión.","[{""question"": ""¿Cuál de las siguientes afirmaciones sobre el primer Strati es VERDADERA?"", ""answer"": ""B"", ""options"": [""Nació en una fábrica de automóviles en Chicago."", ""Todas sus partes no fueron hechas usando una tecnología llamada tecnología 3-D."", ""Es una lástima que no haya corrido en la calle hasta ahora."", ""Muchos ingenieros de investigación senior trabajaron en él, incluido Greg Schroeder.""]}, {""question"": ""¿Por qué Lonnie Love hizo esfuerzos para mejorar la impresión 3D con su equipo?"", ""answer"": ""A"", ""options"": [""Porque la fabricación aditiva podría producir materiales poco confiables."", ""Porque sólo estaba interesado en hacer cosas nuevas."", ""Porque sólo quería construir nuevas máquinas y probarlas."", ""Porque la fabricación aditiva es siempre lenta pero barata.""]}, {""question"": ""¿Cuál de los siguientes puede ser el mejor título para este pasaje?"", ""answer"": ""D"", ""options"": [""Las impresoras 3D están llegando"", ""Las impresoras 3D son cada vez más conocidas"", ""Las impresoras 3D son cada vez más baratas"", ""Las impresoras 3D están haciendo coches""]}]","Lee el siguiente texto y responde las preguntas.

Un sábado por la mañana a principios de septiembre, el mundo vio por primera vez el Strati. Este vehículo eléctrico es diferente a cualquier otro actualmente en la carretera. Rueda sobre cuatro ruedas, pero su carrocería y chasis no fueron construidos en una fábrica. En su lugar, los diseñadores de Strati usaron una tecnología llamada impresión 3D. Creó esas partes del coche en una sola pieza, desde cero. ""En comparación con un vehículo típico en la carretera, el Strati definitivamente tiene un aspecto diferente"", dice Greg Schroeder, ingeniero investigador sénior del Centro de Investigación Automotriz de Ann Arbor (Michigan). No trabajó en el coche nuevo. Su organización estudia tendencias y cambios en la industria automotriz. Tomó 44 horas para imprimir el nuevo coche en el Salón Internacional de Tecnología de Fabricación en Chicago. Durante los siguientes días, los diseñadores del coche instalaron piezas adicionales. Estos incluían el motor, los frenos y los neumáticos del automóvil. Luego, a primera hora del 13 de septiembre, Jay Rogers se subió al automóvil, encendió el motor y condujo el vehículo a la calle. Rogers ayudó a fundar Local Motors. Es la compañía con sede en Arizona detrás del Strati. Dos semanas más tarde, su equipo imprimió un segundo Strati, y con la misma rapidez, en una feria en la ciudad de Nueva York. Justin Fishkin, un funcionario local de Motors, ve el Strati como una ventana hacia el futuro. Hoy en día, los compradores de automóviles están limitados en su elección de un vehículo. Sólo pueden pedir lo que las compañías de automóviles ya han diseñado. Pero en el futuro, dice, es posible que pueda diseñar su propio coche en línea y luego imprimirlo a pedido. Los expertos en fabricación dicen que la impresión 3D ha comenzado a revolucionar la forma en que hacen las cosas. La tecnología existe desde hace décadas. Pero estas máquinas solían ser tan caras que sólo las grandes empresas podían permitírselo. En los últimos años, sin embargo, eso ha cambiado. Muchas de las máquinas son ahora lo suficientemente baratas para que las pequeñas empresas, o incluso los individuos, las posean. Algunas bibliotecas locales las ponen a disposición del público. Las escuelas secundarias están empezando a usarlos en las aulas. El amplio acceso a estas impresoras significa que las personas ahora pueden diseñar e imprimir una gran variedad de cosas nuevas. La impresora del coche es un dispositivo único. La tecnología detrás de la impresora 3D utilizada en Chicago es un ejemplo de fabricación aditiva. Este proceso construye objetos sólidos, rebanada por rebanada, de abajo hacia arriba. (""Strati"" quiere decir capas, en italiano. ) Un brazo mecánico mueve un _ de un lado a otro, hacia adelante y hacia atrás. A medida que se mueve, la boquilla deposita un líquido, a menudo plástico o metal fundido (pero podría ser alimentos, hormigón o incluso células), que se endurece rápidamente o se une para convertirse en sólido o semisólido. Esto crea una sola capa delgada. Una vez que una capa está completa, la impresora comienza a depositar la siguiente. ""Hay mucho interés en la impresión 3D en la industria automotriz"", dice Schroeder. En este momento, la tecnología es particularmente útil para construir modelos de automóviles o piezas de automóviles. Para competir con los actuales fabricantes de automóviles, la impresora 3D tendría que aumentar a toda prisa, dice Schroeder. En contraste, señala, una camioneta Ford F-150 sale de la línea de montaje a una velocidad de aproximadamente una por minuto. Para imprimir tantos Stratis se necesitarían muchos más impresores. Schroeder dice que no ve que la impresión 3D se haga cargo pronto de una fabricación de tan alto volumen. Pero añade: ""¿Quién sabe lo que sucederá a largo plazo? "" Científicos del Laboratorio Nacional de Oak Ridge en Tennessee diseñaron la impresora 3D utilizada en Chicago. Lonnie Love, un científico investigador en el laboratorio, dirigió el esfuerzo. La fabricación aditiva suele ser lenta y costosa. También puede producir materiales que no son confiables, dice Love. Así que durante dos años, su equipo buscó formas de mejorar la impresión 3D. Construyeron nuevas máquinas y las probaron una y otra vez. Todo ese trabajo dio sus frutos: su nueva impresora es rápida y utiliza materiales menos costosos que las impresoras anteriores. Además, imprime un plástico incrustado con fibras de carbono para producir un material más fuerte. Esto ayuda a garantizar que el material no se agriete o se rompa bajo presión.

Question 1: ¿Cuál de las siguientes afirmaciones sobre el primer Strati es VERDADERA?
Answer choices: [Nació en una fábrica de automóviles en Chicago., Todas sus partes no fueron hechas usando una tecnología llamada tecnología 3-D., Es una lástima que no haya corrido en la calle hasta ahora., Muchos ingenieros de investigación senior trabajaron en él, incluido Greg Schroeder.]
Answer: B

Question 2: ¿Por qué Lonnie Love hizo esfuerzos para mejorar la impresión 3D con su equipo?
Answer choices: [Porque la fabricación aditiva podría producir materiales poco confiables., Porque sólo estaba interesado en hacer cosas nuevas., Porque sólo quería construir nuevas máquinas y probarlas., Porque la fabricación aditiva es siempre lenta pero barata.]
Answer: A

Question 3: ¿Cuál de los siguientes puede ser el mejor título para este pasaje?
Answer choices: [Las impresoras 3D están llegando, Las impresoras 3D son cada vez más conocidas, Las impresoras 3D son cada vez más baratas, Las impresoras 3D están haciendo coches]
Answer: D"
middle5021.txt,"Recuerdo a Julie viniendo al frente de la clase después de clase un día de otoño en septiembre de 1976. Mientras la mayoría de los demás estudiantes se iban a toda prisa a disfrutar del clima agradable o a relajarse en la unión estudiantil, Julie se quedaba para hacerme preguntas sobre el examen de la semana siguiente. Claramente ya había hecho un estudio serio. Julie nunca llegó al examen. Al día siguiente de nuestra conversación, fue atropellada por un gran camión mientras pasaba en bicicleta por una encrucijada. Me entristeció saber que Julie yacía inconsciente en un hospital al otro lado de la ciudad de nuestra universidad. En silencio, las enfermeras iban y venían de la habitación de Julie. Sus padres se quedaron cerca en silencio. Entonces el médico entró en la habitación y dijo a los padres de Julie y a sus dos hermanos: ""A su Julie le quedan unas pocas horas de vida. Él continuó preguntando, ""¿Piensas en donar algunos de los órganos de Julie? ""Al mismo tiempo en una ciudad vecina, una mujer llamada Mary estaba tratando de ver mejor en su pequeña sala de estar. Sus ojos seguían cada movimiento de su animado bebé de dos años. Esta madre estaba almacenando recuerdos cuando ya no podía ver a su hija. A varias ciudades de distancia, un joven padre llamado John le estaba leyendo a sus dos hijos en el hospital. Sin embargo, le dijeron que solo le quedaban semanas de vida. Su única esperanza era un trasplante de riñón . Los dos padres se miraron el uno al otro, el médico pudo ver lágrimas en sus ojos. ""Sí, es cierto. Julie había dicho una vez que quería donar sus órganos en caso de su muerte. Julie siempre dio a los demás mientras estaba viva. Le gustaría rendirse a la muerte. ""Dentro de veinticuatro horas, a Mary le dijeron que recibiría uno de los ojos de Julie, y a John le dijeron que comenzara a prepararse para un trasplante de riñón. Los otros órganos de Julie darían vida a otros pacientes en espera. ""Julie murió justo después de su vigésimo cumpleaños. Nada puede ser tan desgarrador como la muerte de tu hijo"", dice la madre de Julie. Ella continúa: ""Pero la vida de Julie fue un regalo para nosotros. Saber que en su muerte, ella dio el don de la vida y la vista a otros es para nosotros. - ¿ Qué ?","[{""question"": ""Según el pasaje, sabemos que Julie..."", ""answer"": ""C"", ""options"": [""era un compañero de clase del escritor"", ""Era la única hija de su familia."", ""No hice el examen por el accidente."", ""Murió inmediatamente en el lugar del accidente.""]}, {""question"": ""¿Qué podemos aprender de este pasaje?"", ""answer"": ""C"", ""options"": [""Los padres de Julie no le permitieron donar sus órganos."", ""Mary necesitaba un trasplante de riñón para salvar su propia vida."", ""Julie se preparó para el examen cuidadosamente antes del accidente."", ""John y Mary eran pacientes en los mismos hospitales que Julie.""]}, {""question"": ""¿Cuál de los siguientes es el mejor título para el pasaje?"", ""answer"": ""D"", ""options"": [""Toda la vida de una chica."", ""La triste historia de una familia."", ""El terrible accidente de camión."", ""El último regalo en la vida.""]}]","Lee el siguiente texto y responde las preguntas.

Recuerdo a Julie viniendo al frente de la clase después de clase un día de otoño en septiembre de 1976. Mientras la mayoría de los demás estudiantes se iban a toda prisa a disfrutar del clima agradable o a relajarse en la unión estudiantil, Julie se quedaba para hacerme preguntas sobre el examen de la semana siguiente. Claramente ya había hecho un estudio serio. Julie nunca llegó al examen. Al día siguiente de nuestra conversación, fue atropellada por un gran camión mientras pasaba en bicicleta por una encrucijada. Me entristeció saber que Julie yacía inconsciente en un hospital al otro lado de la ciudad de nuestra universidad. En silencio, las enfermeras iban y venían de la habitación de Julie. Sus padres se quedaron cerca en silencio. Entonces el médico entró en la habitación y dijo a los padres de Julie y a sus dos hermanos: ""A su Julie le quedan unas pocas horas de vida. Él continuó preguntando, ""¿Piensas en donar algunos de los órganos de Julie? ""Al mismo tiempo en una ciudad vecina, una mujer llamada Mary estaba tratando de ver mejor en su pequeña sala de estar. Sus ojos seguían cada movimiento de su animado bebé de dos años. Esta madre estaba almacenando recuerdos cuando ya no podía ver a su hija. A varias ciudades de distancia, un joven padre llamado John le estaba leyendo a sus dos hijos en el hospital. Sin embargo, le dijeron que solo le quedaban semanas de vida. Su única esperanza era un trasplante de riñón . Los dos padres se miraron el uno al otro, el médico pudo ver lágrimas en sus ojos. ""Sí, es cierto. Julie había dicho una vez que quería donar sus órganos en caso de su muerte. Julie siempre dio a los demás mientras estaba viva. Le gustaría rendirse a la muerte. ""Dentro de veinticuatro horas, a Mary le dijeron que recibiría uno de los ojos de Julie, y a John le dijeron que comenzara a prepararse para un trasplante de riñón. Los otros órganos de Julie darían vida a otros pacientes en espera. ""Julie murió justo después de su vigésimo cumpleaños. Nada puede ser tan desgarrador como la muerte de tu hijo"", dice la madre de Julie. Ella continúa: ""Pero la vida de Julie fue un regalo para nosotros. Saber que en su muerte, ella dio el don de la vida y la vista a otros es para nosotros. - ¿ Qué ?

Question 1: Según el pasaje, sabemos que Julie...
Answer choices: [era un compañero de clase del escritor, Era la única hija de su familia., No hice el examen por el accidente., Murió inmediatamente en el lugar del accidente.]
Answer: C

Question 2: ¿Qué podemos aprender de este pasaje?
Answer choices: [Los padres de Julie no le permitieron donar sus órganos., Mary necesitaba un trasplante de riñón para salvar su propia vida., Julie se preparó para el examen cuidadosamente antes del accidente., John y Mary eran pacientes en los mismos hospitales que Julie.]
Answer: C

Question 3: ¿Cuál de los siguientes es el mejor título para el pasaje?
Answer choices: [Toda la vida de una chica., La triste historia de una familia., El terrible accidente de camión., El último regalo en la vida.]
Answer: D"
middle7413.txt,"El Sr. Jones y el Sr. Brown trabajaban en la misma oficina. Un día el Sr. Jones le dijo al Sr. Brown ""Vamos a tener una pequeña fiesta en nuestra casa el próximo miércoles por la noche. ¿Le gustaría a usted y a su esposa unirse a nosotros? El Sr. Brown dijo: ""Muchas gracias. Es muy amable de su parte. Creo que esa noche estamos libres. Pero llamaré a mi esposa y se lo preguntaré. Tal vez ella quiere ir a otro lugar esa noche. "" Así que el Sr. Brown fue a la otra habitación y llamó por teléfono. Cuando regresó, parecía muy inquieto. ""¿Qué ocurre? "" dijo el Sr. Jones. ""¿Has hablado con tu mujer? ""No"", respondió el Sr. Brown, ""ella no estaba allí. Mi pequeño hijo contestó el teléfono. Le dije, '¿Está tu madre ahí, David? ' y él respondió, 'No, ella no está en la casa! ¿Dónde está entonces? ' Le pregunté. ¡Está en alguna parte afuera! ¿Qué está haciendo? Ella me está buscando. ¿Qué es esto?","[{""question"": ""Se llevará a cabo una pequeña fiesta ."", ""answer"": ""B"", ""options"": [""en siete días"", ""por la noche"", ""en la oficina"", ""en la casa del Sr. Brown""]}, {""question"": ""El Sr. Jones lo invitó a la fiesta."", ""answer"": ""C"", ""options"": [""El Sr. Brown"", ""La Sra. Brown"", ""El Sr. y la Sra. Brown"", ""Todos sus amigos.""]}, {""question"": ""El teléfono estaba ..."", ""answer"": ""B"", ""options"": [""en la misma oficina"", ""cerca de la oficina"", ""en la oficina de correos"", ""cerca de la casa del Sr. Jone""]}, {""question"": ""El Sr. Brown habló con _ al teléfono."", ""answer"": ""A"", ""options"": [""Es la Sra. Brown."", ""Es la Sra. Jones."", ""Es David."", ""El amigo de David.""]}, {""question"": ""¿Por qué la Sra. Brown estaba buscando a David?"", ""answer"": ""D"", ""options"": [""Él salió de la casa"", ""Estaba contestando el teléfono de papá."", ""David había perdido el camino"", ""No sabía que David estaba en la habitación.""]}]","Lee el siguiente texto y responde las preguntas.

El Sr. Jones y el Sr. Brown trabajaban en la misma oficina. Un día el Sr. Jones le dijo al Sr. Brown ""Vamos a tener una pequeña fiesta en nuestra casa el próximo miércoles por la noche. ¿Le gustaría a usted y a su esposa unirse a nosotros? El Sr. Brown dijo: ""Muchas gracias. Es muy amable de su parte. Creo que esa noche estamos libres. Pero llamaré a mi esposa y se lo preguntaré. Tal vez ella quiere ir a otro lugar esa noche. "" Así que el Sr. Brown fue a la otra habitación y llamó por teléfono. Cuando regresó, parecía muy inquieto. ""¿Qué ocurre? "" dijo el Sr. Jones. ""¿Has hablado con tu mujer? ""No"", respondió el Sr. Brown, ""ella no estaba allí. Mi pequeño hijo contestó el teléfono. Le dije, '¿Está tu madre ahí, David? ' y él respondió, 'No, ella no está en la casa! ¿Dónde está entonces? ' Le pregunté. ¡Está en alguna parte afuera! ¿Qué está haciendo? Ella me está buscando. ¿Qué es esto?

Question 1: Se llevará a cabo una pequeña fiesta .
Answer choices: [en siete días, por la noche, en la oficina, en la casa del Sr. Brown]
Answer: B

Question 2: El Sr. Jones lo invitó a la fiesta.
Answer choices: [El Sr. Brown, La Sra. Brown, El Sr. y la Sra. Brown, Todos sus amigos.]
Answer: C

Question 3: El teléfono estaba ...
Answer choices: [en la misma oficina, cerca de la oficina, en la oficina de correos, cerca de la casa del Sr. Jone]
Answer: B

Question 4: El Sr. Brown habló con _ al teléfono.
Answer choices: [Es la Sra. Brown., Es la Sra. Jones., Es David., El amigo de David.]
Answer: A

Question 5: ¿Por qué la Sra. Brown estaba buscando a David?
Answer choices: [Él salió de la casa, Estaba contestando el teléfono de papá., David había perdido el camino, No sabía que David estaba en la habitación.]
Answer: D"
high9028.txt,"El libro infantil de Maurice Sendak, Where the Wild Things Are, publicado en 1963, se ha convertido en un gran éxito a lo largo de los años y se convirtió en una película a principios de este año. El personaje principal del libro es un niño llamado Max que se mete en problemas con su madre y es enviado a la cama sin cenar. En poco tiempo, la habitación de Max se convierte mágicamente en un bosque, y navega hacia una tierra donde viven los monstruos. Max no tiene miedo, sin embargo, y se convierte en el rey de las cosas salvajes, pero después de un tiempo, comienza a sentir nostalgia. Max navega de regreso a casa y su cena aún está caliente cuando llega a su dormitorio. A muchos maestros y profesores les gusta esta historia y la usan para ayudar a los niños a desarrollar creatividad e imaginación. Melina Davis, profesora de educación, dijo que le gusta que el libro contenga un par de páginas que solo tienen imágenes. ""Esto permite a los niños dar forma a la historia por sí mismos"", dijo. El libro contiene algunas de las palabras más grandes que algunos padres temen que puedan confundir a los niños, pero los expertos dicen que esas palabras ayudan a mejorar las habilidades de lectura de los niños y los desafían. Davis dijo que el libro está bien escrito lo que ayuda a los niños a involucrarse en la historia. ""El libro habla de lo que todos los niños pasan, como 'yo fui malo pero mi mamá todavía me ama'"", dijo Davis. El libro también anima a los niños a enfrentar sus miedos. ""Creo que es realmente bueno mostrar que Max hace amigos con los monstruos"", dijo Davis. ""Los niños pueden descubrir que los monstruos no siempre son la cosa debajo de la cama que los va a asustar. Creo que esto es bueno porque demuestra que los niños pueden ir a lugares aterradores pero aún así tener una experiencia positiva. "" Dado que el libro ha tenido éxito a lo largo de los años, recientemente se hizo una película y mucha gente está emocionada de verla. Davis dijo que piensa que la película será maravillosa pero podría ser un poco aterrador para los niños más pequeños. ""No quieres pesadillas por un libro que es extremadamente maravilloso"", dijo Davis.","[{""question"": ""A los maestros y profesores les gusta el libro porque ayuda a los niños ."", ""answer"": ""D"", ""options"": [""entender las imágenes"", ""mejorar las habilidades de lectura"", ""enfrentan su miedo con valentía"", ""se vuelven más imaginativos""]}, {""question"": ""¿Por qué el libro contiene algunas palabras más grandes?"", ""answer"": ""B"", ""options"": [""Para hacer la historia más formal."", ""Para ayudar a poner a prueba las habilidades de lectura de los niños"", ""Para animar a los niños a aprender más palabras nuevas."", ""Para ayudar a los niños a entender mejor la historia.""]}, {""question"": ""¿Cuál de las siguientes afirmaciones es VERDADERA según el pasaje?"", ""answer"": ""A"", ""options"": [""El personaje de Max es lo suficientemente valiente en la historia."", ""Max fue enviado al bosque como castigo."", ""Personas de todas las edades están a favor del libro."", ""La película basada en el libro resulta ser un gran éxito.""]}, {""question"": ""¿Qué piensa Davis de la película?"", ""answer"": ""C"", ""options"": [""Cree que a los niños de todas las edades les encantará."", ""Ella anima a los niños a verlo para luchar contra su miedo."", ""Le preocupa que pueda ser demasiado aterrador para algunos niños."", ""Ella cree que será una mejor opción para los niños que el libro.""]}, {""question"": ""¿Cuál es el propósito del autor al escribir el pasaje?"", ""answer"": ""B"", ""options"": [""Para aconsejar a los padres que ayuden a los niños a mejorar sus habilidades de lectura."", ""Para comentar un famoso libro para niños."", ""Para animar a los niños a enfrentar sus miedos y ser más imaginativos."", ""Para presentar una película basada en un libro para niños.""]}]","Lee el siguiente texto y responde las preguntas.

El libro infantil de Maurice Sendak, Where the Wild Things Are, publicado en 1963, se ha convertido en un gran éxito a lo largo de los años y se convirtió en una película a principios de este año. El personaje principal del libro es un niño llamado Max que se mete en problemas con su madre y es enviado a la cama sin cenar. En poco tiempo, la habitación de Max se convierte mágicamente en un bosque, y navega hacia una tierra donde viven los monstruos. Max no tiene miedo, sin embargo, y se convierte en el rey de las cosas salvajes, pero después de un tiempo, comienza a sentir nostalgia. Max navega de regreso a casa y su cena aún está caliente cuando llega a su dormitorio. A muchos maestros y profesores les gusta esta historia y la usan para ayudar a los niños a desarrollar creatividad e imaginación. Melina Davis, profesora de educación, dijo que le gusta que el libro contenga un par de páginas que solo tienen imágenes. ""Esto permite a los niños dar forma a la historia por sí mismos"", dijo. El libro contiene algunas de las palabras más grandes que algunos padres temen que puedan confundir a los niños, pero los expertos dicen que esas palabras ayudan a mejorar las habilidades de lectura de los niños y los desafían. Davis dijo que el libro está bien escrito lo que ayuda a los niños a involucrarse en la historia. ""El libro habla de lo que todos los niños pasan, como 'yo fui malo pero mi mamá todavía me ama'"", dijo Davis. El libro también anima a los niños a enfrentar sus miedos. ""Creo que es realmente bueno mostrar que Max hace amigos con los monstruos"", dijo Davis. ""Los niños pueden descubrir que los monstruos no siempre son la cosa debajo de la cama que los va a asustar. Creo que esto es bueno porque demuestra que los niños pueden ir a lugares aterradores pero aún así tener una experiencia positiva. "" Dado que el libro ha tenido éxito a lo largo de los años, recientemente se hizo una película y mucha gente está emocionada de verla. Davis dijo que piensa que la película será maravillosa pero podría ser un poco aterrador para los niños más pequeños. ""No quieres pesadillas por un libro que es extremadamente maravilloso"", dijo Davis.

Question 1: A los maestros y profesores les gusta el libro porque ayuda a los niños .
Answer choices: [entender las imágenes, mejorar las habilidades de lectura, enfrentan su miedo con valentía, se vuelven más imaginativos]
Answer: D

Question 2: ¿Por qué el libro contiene algunas palabras más grandes?
Answer choices: [Para hacer la historia más formal., Para ayudar a poner a prueba las habilidades de lectura de los niños, Para animar a los niños a aprender más palabras nuevas., Para ayudar a los niños a entender mejor la historia.]
Answer: B

Question 3: ¿Cuál de las siguientes afirmaciones es VERDADERA según el pasaje?
Answer choices: [El personaje de Max es lo suficientemente valiente en la historia., Max fue enviado al bosque como castigo., Personas de todas las edades están a favor del libro., La película basada en el libro resulta ser un gran éxito.]
Answer: A

Question 4: ¿Qué piensa Davis de la película?
Answer choices: [Cree que a los niños de todas las edades les encantará., Ella anima a los niños a verlo para luchar contra su miedo., Le preocupa que pueda ser demasiado aterrador para algunos niños., Ella cree que será una mejor opción para los niños que el libro.]
Answer: C

Question 5: ¿Cuál es el propósito del autor al escribir el pasaje?
Answer choices: [Para aconsejar a los padres que ayuden a los niños a mejorar sus habilidades de lectura., Para comentar un famoso libro para niños., Para animar a los niños a enfrentar sus miedos y ser más imaginativos., Para presentar una película basada en un libro para niños.]
Answer: B"
high13255.txt,"Ayer comencé el Año de la Donación, mi primer día de un viaje de un año para explorar el acto de dar y el significado de la caridad. Escogí el 15 de diciembre como fecha de inicio, que marcaba los tres años desde que mi madre murió de una enfermedad cardíaca. Era una de las personas más generosas que he conocido. Ella siempre pensaba en los demás primero y ciertamente sirve como una inspiración para mí. Tuve un día bastante ocupado ayer, irónico para alguien que está desempleado en este momento. Por la mañana fui al gimnasio, y sin éxito recibí la llamada telefónica de la oficina de desempleo para alguna búsqueda de trabajo. Antes de darme cuenta, ya era mediodía. Tomé un almuerzo rápido y corrí a una reunión. En mi camino a Connecticut, me preguntaba si vería a alguien a quien me sentiría obligado a darle mis primeros $10 dólares. Estaba atrasado y decidí hacerlo después. ¡Después de la reunión tenía aproximadamente media hora para encontrar a la primera persona de mi Año de Dar! Decidí echar un vistazo a Dupont Circle. Había conocido allí a un tipo llamado Jerry una vez y pensé que aceptaría de buena gana mis primeros 10 dólares. No estaba allí, pero vi a un hombre sentado solo que parecía muy solo, así que me acerqué a él. Ahora tenía que averiguar qué iba a decir. Creo que dije algo como, ""Hola, ¿me puedo sentar aquí? ""Me gustaría saber si puedo darte $10? "" Me pidió que repitiera lo que había dicho. Lo hice, luego me miró raro, se levantó y se fue. Entonces comencé a caminar hacia el sur donde vi a un hombre parado junto a la parada de autobús en la avenida Connecticut. Parecía estar en sus 60 años. No sé qué me atrajo a él, pero pensé que haría mi segundo intento. Estaba un poco nervioso y le pregunté qué autobús pasaba por esa parada. Entonces le expliqué que estaba comenzando un proyecto de un año para dar $10 a alguien todos los días y que quería darle mis $10 de hoy a él. El caballero, que más tarde supe que se llamaba Ed, respondió sin dudar que no podía aceptar mi oferta y que había mucha gente que merecía el dinero más que él. Esto era exactamente una de las cosas que esperaba que sucediera. ¡La gente pensaría en los demás antes que en sí misma!","[{""question"": ""El autor fijó la fecha de inicio el 15 de diciembre a _ ."", ""answer"": ""B"", ""options"": [""Ayudar a la caridad"", ""recuerda a su madre"", ""hacer una exploración"", ""Cumplir un deseo de su madre""]}, {""question"": ""En el primer intento del autor de regalar el dinero, _ ."", ""answer"": ""A"", ""options"": [""Fue considerado ridículo."", ""Él dudó durante mucho tiempo."", ""se vio obligado a donar el dinero"", ""No tuvo tiempo de actuar.""]}, {""question"": ""En el segundo intento del autor, el caballero rechazó su oferta porque..."", ""answer"": ""B"", ""options"": [""No necesitaba la ayuda de los demás."", ""pensaba más en los demás"", ""No le importaba el dinero."", ""Quería conseguir más dinero.""]}, {""question"": ""Podemos inferir que el autor fue inspirado por _ ."", ""answer"": ""D"", ""options"": [""verdadera amistad"", ""su propia bondad"", ""generosas donaciones"", ""La buena naturaleza del ser humano.""]}]","Lee el siguiente texto y responde las preguntas.

Ayer comencé el Año de la Donación, mi primer día de un viaje de un año para explorar el acto de dar y el significado de la caridad. Escogí el 15 de diciembre como fecha de inicio, que marcaba los tres años desde que mi madre murió de una enfermedad cardíaca. Era una de las personas más generosas que he conocido. Ella siempre pensaba en los demás primero y ciertamente sirve como una inspiración para mí. Tuve un día bastante ocupado ayer, irónico para alguien que está desempleado en este momento. Por la mañana fui al gimnasio, y sin éxito recibí la llamada telefónica de la oficina de desempleo para alguna búsqueda de trabajo. Antes de darme cuenta, ya era mediodía. Tomé un almuerzo rápido y corrí a una reunión. En mi camino a Connecticut, me preguntaba si vería a alguien a quien me sentiría obligado a darle mis primeros $10 dólares. Estaba atrasado y decidí hacerlo después. ¡Después de la reunión tenía aproximadamente media hora para encontrar a la primera persona de mi Año de Dar! Decidí echar un vistazo a Dupont Circle. Había conocido allí a un tipo llamado Jerry una vez y pensé que aceptaría de buena gana mis primeros 10 dólares. No estaba allí, pero vi a un hombre sentado solo que parecía muy solo, así que me acerqué a él. Ahora tenía que averiguar qué iba a decir. Creo que dije algo como, ""Hola, ¿me puedo sentar aquí? ""Me gustaría saber si puedo darte $10? "" Me pidió que repitiera lo que había dicho. Lo hice, luego me miró raro, se levantó y se fue. Entonces comencé a caminar hacia el sur donde vi a un hombre parado junto a la parada de autobús en la avenida Connecticut. Parecía estar en sus 60 años. No sé qué me atrajo a él, pero pensé que haría mi segundo intento. Estaba un poco nervioso y le pregunté qué autobús pasaba por esa parada. Entonces le expliqué que estaba comenzando un proyecto de un año para dar $10 a alguien todos los días y que quería darle mis $10 de hoy a él. El caballero, que más tarde supe que se llamaba Ed, respondió sin dudar que no podía aceptar mi oferta y que había mucha gente que merecía el dinero más que él. Esto era exactamente una de las cosas que esperaba que sucediera. ¡La gente pensaría en los demás antes que en sí misma!

Question 1: El autor fijó la fecha de inicio el 15 de diciembre a _ .
Answer choices: [Ayudar a la caridad, recuerda a su madre, hacer una exploración, Cumplir un deseo de su madre]
Answer: B

Question 2: En el primer intento del autor de regalar el dinero, _ .
Answer choices: [Fue considerado ridículo., Él dudó durante mucho tiempo., se vio obligado a donar el dinero, No tuvo tiempo de actuar.]
Answer: A

Question 3: En el segundo intento del autor, el caballero rechazó su oferta porque...
Answer choices: [No necesitaba la ayuda de los demás., pensaba más en los demás, No le importaba el dinero., Quería conseguir más dinero.]
Answer: B

Question 4: Podemos inferir que el autor fue inspirado por _ .
Answer choices: [verdadera amistad, su propia bondad, generosas donaciones, La buena naturaleza del ser humano.]
Answer: D"
middle1749.txt,"Un grupo de cisnes voló a una playa donde un cuervo estaba saltando. El cuervo los miraba con desdén . ""No tienes habilidades de vuelo en absoluto! "" dijo a los cisnes. ""Todo lo que puedes hacer es mover tus alas. ¿Puedes dar la vuelta en el aire? No, eso está más allá de ti. Hagamos una competencia de vuelo. ¡Te enseñaré lo que es volar de verdad! ""Uno de los cisnes, un joven macho fuerte, aceptó el desafío. El cuervo voló y comenzó a mostrar sus habilidades. Voló en círculos, realizó otros trucos de vuelo, y luego bajó y miró con orgullo al cisne. Ahora era el turno del cisne. Voló hacia arriba, y comenzó a volar sobre el mar. El cuervo voló tras él, haciendo todo tipo de comentarios sobre su vuelo. Volaron y volaron hasta que no pudieron ver la tierra y no había nada más que agua por todos lados. El cuervo estaba haciendo cada vez menos comentarios. Ahora era tan _ que le resultaba difícil mantenerse en el aire, y tuvo que luchar para mantenerse de caer al agua. El cisne fingió no darse cuenta, y dijo, ""¿Por qué sigues tocando el agua, hermano? ¿Es otro truco? ""No"", dijo el cuervo. Sabía que había perdido la competencia. ¡Estoy en problemas por mi orgullo! Si no me ayudas, perderé mi vida... ""El cisne se compadeció de él, y lo tomó en sus hombros y voló de vuelta a la playa.","[{""question"": ""¿Por qué el cuervo seguía tocando el agua?"", ""answer"": ""B"", ""options"": [""Estaba mostrando otra habilidad de vuelo."", ""Luchaba para no caer al agua."", ""Tenía sed y quería beber un poco de agua."", ""Se estaba divirtiendo haciéndolo.""]}, {""question"": ""¿Qué podemos inferir de este pasaje?"", ""answer"": ""D"", ""options"": [""El cuervo no sabía volar."", ""Las habilidades de vuelo eran inútiles."", ""El cisne salvó al cuervo porque eran buenos amigos."", ""El cisne era mejor en vuelos de larga distancia que el cuervo.""]}, {""question"": ""¿Qué nos dice la historia?"", ""answer"": ""C"", ""options"": [""No hay dolor, no hay ganancias."", ""El pájaro madrugador atrapa el gusano."", ""El orgullo viene antes de la caída."", ""La práctica hace la perfección.""]}]","Lee el siguiente texto y responde las preguntas.

Un grupo de cisnes voló a una playa donde un cuervo estaba saltando. El cuervo los miraba con desdén . ""No tienes habilidades de vuelo en absoluto! "" dijo a los cisnes. ""Todo lo que puedes hacer es mover tus alas. ¿Puedes dar la vuelta en el aire? No, eso está más allá de ti. Hagamos una competencia de vuelo. ¡Te enseñaré lo que es volar de verdad! ""Uno de los cisnes, un joven macho fuerte, aceptó el desafío. El cuervo voló y comenzó a mostrar sus habilidades. Voló en círculos, realizó otros trucos de vuelo, y luego bajó y miró con orgullo al cisne. Ahora era el turno del cisne. Voló hacia arriba, y comenzó a volar sobre el mar. El cuervo voló tras él, haciendo todo tipo de comentarios sobre su vuelo. Volaron y volaron hasta que no pudieron ver la tierra y no había nada más que agua por todos lados. El cuervo estaba haciendo cada vez menos comentarios. Ahora era tan _ que le resultaba difícil mantenerse en el aire, y tuvo que luchar para mantenerse de caer al agua. El cisne fingió no darse cuenta, y dijo, ""¿Por qué sigues tocando el agua, hermano? ¿Es otro truco? ""No"", dijo el cuervo. Sabía que había perdido la competencia. ¡Estoy en problemas por mi orgullo! Si no me ayudas, perderé mi vida... ""El cisne se compadeció de él, y lo tomó en sus hombros y voló de vuelta a la playa.

Question 1: ¿Por qué el cuervo seguía tocando el agua?
Answer choices: [Estaba mostrando otra habilidad de vuelo., Luchaba para no caer al agua., Tenía sed y quería beber un poco de agua., Se estaba divirtiendo haciéndolo.]
Answer: B

Question 2: ¿Qué podemos inferir de este pasaje?
Answer choices: [El cuervo no sabía volar., Las habilidades de vuelo eran inútiles., El cisne salvó al cuervo porque eran buenos amigos., El cisne era mejor en vuelos de larga distancia que el cuervo.]
Answer: D

Question 3: ¿Qué nos dice la historia?
Answer choices: [No hay dolor, no hay ganancias., El pájaro madrugador atrapa el gusano., El orgullo viene antes de la caída., La práctica hace la perfección.]
Answer: C"
high4282.txt,"Ha sido una mudanza difícil. Había dejado a mi familia y amigos en Indiana, el estado amado donde había vivido la mayor parte de mi vida. Mi nuevo hogar en Florida estaba a miles de kilómetros de todo lo que conocía. Estaba caliente... todo el tiempo. Los trabajos eran difíciles de conseguir, pero estaba dispuesto a casi cualquier desafío. Finalmente, enseñé en una escuela especial donde los estudiantes tienen graves dificultades de aprendizaje y de comportamiento. Otro maestro y yo habíamos pasado semanas enseñando a los niños el comportamiento apropiado para las salidas públicas. Inesperadamente, solo unos pocos estudiantes, incluido Kyle, no se habían ganado el privilegio de ir. Estaba decidido a dar a conocer su decepción. En el pasillo entre las aulas, comenzó a gritar, a maldecir, a escupir y a golpear a cualquier cosa que estuviera a su alcance. Una vez que su arrebato se calmó, hizo lo que había hecho cuando estaba enojado en todas sus otras escuelas, en casa, incluso una vez en un centro de detención juvenil. Él huyó. La gente miraba con asombro como Kyle se precipitó directamente en el tráfico de la mañana frente a la escuela. Oí a alguien gritar: ""¡Llamen a la policía! Pero corrí tras él. Kyle era al menos un pie más alto que yo. Y fue rápido. Sus hermanos mayores eran estrellas del atletismo en la escuela secundaria cercana. Pero podía correr largas distancias sin cansarme. Al menos sería capaz de mantenerlo a la vista y saber que estaba vivo. Después de varias manzanas de correr directamente en el tráfico que venía de enfrente, Kyle redujo su ritmo. Tomó una aguda izquierda. De pie junto a un cubo de basura, Kyle se inclinó con las manos sobre las rodillas. Debo haber sido ridículo. Pero la suya no era una mirada de miedo. Vi su cuerpo relajarse. No intentó huir de nuevo. Kyle se quedó quieto y me vio acercarme. No tenía ni idea de lo que iba a decir o hacer, pero seguí acercándome. Abrió la boca para hablar cuando un coche de policía se detuvo, llenando abruptamente el espacio entre Kyle y yo. El director de la escuela y un oficial salieron. Hablaron con calma con Kyle, quien voluntariamente se subió a la parte trasera del vehículo. No podía oír lo que se decía, pero no quitaba los ojos de la cara de Kyle, incluso mientras se alejaban. No pude evitar sentir que le había fallado, que debería haber hecho o dicho más, que debería haber arreglado la situación. Compartí mis sentimientos con un terapeuta del habla que estaba familiarizado con la historia de Kyle. ""Nadie había corrido tras él antes, Rachel"", dijo. ""No hay nadie. Lo dejaron ir. ""Las cosas cambiaron el día que huyó y corrí tras él, a pesar de que no tenía las palabras adecuadas, a pesar de que no fui capaz de salvarlo del lío en el que estaba. Fue el día en que no levanté las manos y decidí que era demasiado rápido, una pérdida de tiempo y esfuerzo, una causa perdida. Fue el día en que mi mera presencia fue suficiente para hacer una profunda diferencia.","[{""question"": ""Por el pasaje sabemos que ..."", ""answer"": ""D"", ""options"": [""la autora dejó a su familia en Florida porque los trabajos eran difíciles de conseguir en Indiana."", ""A los estudiantes se les permitía salir después de pasar algunas pruebas específicas."", ""El autor trabajó en una escuela donde los estudiantes eran excelentes."", ""Ningún maestro había corrido detrás de Kyle antes excepto el autor .""]}, {""question"": ""¿Cuál de las siguientes descripciones de Kyle no es verdad?"", ""answer"": ""A"", ""options"": [""Tenía algunas dificultades de comportamiento y una vez pasó de una detención a otra."", ""Solía salir corriendo para dejar salir su ira cuando estaba en la escuela, en casa o en la prisión juvenil."", ""A diferencia de sus hermanos, aprendió en una escuela especial, pero no en una escuela secundaria normal."", ""Fue conmovido por su maestra, que lo trató con más paciencia y comprensión.""]}, {""question"": ""¿Cuál es el mejor título del pasaje?"", ""answer"": ""B"", ""options"": [""Kyle, un niño con dificultades de aprendizaje y comportamiento."", ""El maestro que huyó."", ""Una escuela con estudiantes especiales."", ""Un conflicto terrible.""]}]","Lee el siguiente texto y responde las preguntas.

Ha sido una mudanza difícil. Había dejado a mi familia y amigos en Indiana, el estado amado donde había vivido la mayor parte de mi vida. Mi nuevo hogar en Florida estaba a miles de kilómetros de todo lo que conocía. Estaba caliente... todo el tiempo. Los trabajos eran difíciles de conseguir, pero estaba dispuesto a casi cualquier desafío. Finalmente, enseñé en una escuela especial donde los estudiantes tienen graves dificultades de aprendizaje y de comportamiento. Otro maestro y yo habíamos pasado semanas enseñando a los niños el comportamiento apropiado para las salidas públicas. Inesperadamente, solo unos pocos estudiantes, incluido Kyle, no se habían ganado el privilegio de ir. Estaba decidido a dar a conocer su decepción. En el pasillo entre las aulas, comenzó a gritar, a maldecir, a escupir y a golpear a cualquier cosa que estuviera a su alcance. Una vez que su arrebato se calmó, hizo lo que había hecho cuando estaba enojado en todas sus otras escuelas, en casa, incluso una vez en un centro de detención juvenil. Él huyó. La gente miraba con asombro como Kyle se precipitó directamente en el tráfico de la mañana frente a la escuela. Oí a alguien gritar: ""¡Llamen a la policía! Pero corrí tras él. Kyle era al menos un pie más alto que yo. Y fue rápido. Sus hermanos mayores eran estrellas del atletismo en la escuela secundaria cercana. Pero podía correr largas distancias sin cansarme. Al menos sería capaz de mantenerlo a la vista y saber que estaba vivo. Después de varias manzanas de correr directamente en el tráfico que venía de enfrente, Kyle redujo su ritmo. Tomó una aguda izquierda. De pie junto a un cubo de basura, Kyle se inclinó con las manos sobre las rodillas. Debo haber sido ridículo. Pero la suya no era una mirada de miedo. Vi su cuerpo relajarse. No intentó huir de nuevo. Kyle se quedó quieto y me vio acercarme. No tenía ni idea de lo que iba a decir o hacer, pero seguí acercándome. Abrió la boca para hablar cuando un coche de policía se detuvo, llenando abruptamente el espacio entre Kyle y yo. El director de la escuela y un oficial salieron. Hablaron con calma con Kyle, quien voluntariamente se subió a la parte trasera del vehículo. No podía oír lo que se decía, pero no quitaba los ojos de la cara de Kyle, incluso mientras se alejaban. No pude evitar sentir que le había fallado, que debería haber hecho o dicho más, que debería haber arreglado la situación. Compartí mis sentimientos con un terapeuta del habla que estaba familiarizado con la historia de Kyle. ""Nadie había corrido tras él antes, Rachel"", dijo. ""No hay nadie. Lo dejaron ir. ""Las cosas cambiaron el día que huyó y corrí tras él, a pesar de que no tenía las palabras adecuadas, a pesar de que no fui capaz de salvarlo del lío en el que estaba. Fue el día en que no levanté las manos y decidí que era demasiado rápido, una pérdida de tiempo y esfuerzo, una causa perdida. Fue el día en que mi mera presencia fue suficiente para hacer una profunda diferencia.

Question 1: Por el pasaje sabemos que ...
Answer choices: [la autora dejó a su familia en Florida porque los trabajos eran difíciles de conseguir en Indiana., A los estudiantes se les permitía salir después de pasar algunas pruebas específicas., El autor trabajó en una escuela donde los estudiantes eran excelentes., Ningún maestro había corrido detrás de Kyle antes excepto el autor .]
Answer: D

Question 2: ¿Cuál de las siguientes descripciones de Kyle no es verdad?
Answer choices: [Tenía algunas dificultades de comportamiento y una vez pasó de una detención a otra., Solía salir corriendo para dejar salir su ira cuando estaba en la escuela, en casa o en la prisión juvenil., A diferencia de sus hermanos, aprendió en una escuela especial, pero no en una escuela secundaria normal., Fue conmovido por su maestra, que lo trató con más paciencia y comprensión.]
Answer: A

Question 3: ¿Cuál es el mejor título del pasaje?
Answer choices: [Kyle, un niño con dificultades de aprendizaje y comportamiento., El maestro que huyó., Una escuela con estudiantes especiales., Un conflicto terrible.]
Answer: B"
high1122.txt,"Honestamente, desde que nació mi hija, he pensado mucho en cómo criar a un niño. Una vez escuché una historia sobre el nacimiento de un bebé. La historia dice que cuando nace un bebé, nace un nuevo maestro. Los padres de ese bebé serían los sirvientes. La pregunta es: ¿Por qué? Basado en mi observación, este fenómeno es cierto. La mayoría de los padres que no prestan mucha atención a sus hijos tienen dificultades con la actitud de sus hijos. Haré una comparación de cómo dos familias crían a sus hijos. La primera es una familia con tres hijos. Tanto la madre como el padre nunca dicen ""No"" a las demandas de sus hijos. Como resultado, todos sus hijos se volvieron tercos y no escuchaban las palabras de sus padres: ""No podemos. "" La segunda familia educó a sus hijos estrictamente desde el primer año hasta la secundaria. Los padres nunca aprobaron o acordaron directamente dar a sus hijos lo que querían. Siempre pospusieron un día o dos, incluso si podían permitírselo. Debido a la forma en que sus padres los educaron, estos niños entendieron que si querían algo, tenían que esperar o tenían que esforzarse primero. Como resultado, todos los niños de la segunda familia se graduaron con éxito de la universidad a tiempo. En mi opinión, si queremos ser padres exitosos y educar bien a nuestros hijos, tenemos que empezar a disciplinarlos desde que son niños pero no hasta que llegan a la adolescencia.","[{""question"": ""¿Por qué el escritor dio dos historias diferentes en este pasaje?"", ""answer"": ""A"", ""options"": [""Para ayudar a demostrar su opinión sobre la crianza de un niño."", ""Para enumerar diferentes maneras que los padres pueden tomar."", ""Para criticar la acción tonta de algunos padres."", ""Para demostrar que su forma de educación es correcta.""]}, {""question"": ""En opinión del autor, ¿cuál de las siguientes afirmaciones sobre la crianza de los hijos es VERDADERA?"", ""answer"": ""B"", ""options"": [""Los niños deben ser respetados desde que nacen."", ""Los padres deben educar a sus hijos tan pronto como sea posible."", ""Es el momento adecuado para educar a sus hijos cuando son adolescentes."", ""Los niños deben ser ayudados cada vez que cometen errores.""]}]","Lee el siguiente texto y responde las preguntas.

Honestamente, desde que nació mi hija, he pensado mucho en cómo criar a un niño. Una vez escuché una historia sobre el nacimiento de un bebé. La historia dice que cuando nace un bebé, nace un nuevo maestro. Los padres de ese bebé serían los sirvientes. La pregunta es: ¿Por qué? Basado en mi observación, este fenómeno es cierto. La mayoría de los padres que no prestan mucha atención a sus hijos tienen dificultades con la actitud de sus hijos. Haré una comparación de cómo dos familias crían a sus hijos. La primera es una familia con tres hijos. Tanto la madre como el padre nunca dicen ""No"" a las demandas de sus hijos. Como resultado, todos sus hijos se volvieron tercos y no escuchaban las palabras de sus padres: ""No podemos. "" La segunda familia educó a sus hijos estrictamente desde el primer año hasta la secundaria. Los padres nunca aprobaron o acordaron directamente dar a sus hijos lo que querían. Siempre pospusieron un día o dos, incluso si podían permitírselo. Debido a la forma en que sus padres los educaron, estos niños entendieron que si querían algo, tenían que esperar o tenían que esforzarse primero. Como resultado, todos los niños de la segunda familia se graduaron con éxito de la universidad a tiempo. En mi opinión, si queremos ser padres exitosos y educar bien a nuestros hijos, tenemos que empezar a disciplinarlos desde que son niños pero no hasta que llegan a la adolescencia.

Question 1: ¿Por qué el escritor dio dos historias diferentes en este pasaje?
Answer choices: [Para ayudar a demostrar su opinión sobre la crianza de un niño., Para enumerar diferentes maneras que los padres pueden tomar., Para criticar la acción tonta de algunos padres., Para demostrar que su forma de educación es correcta.]
Answer: A

Question 2: En opinión del autor, ¿cuál de las siguientes afirmaciones sobre la crianza de los hijos es VERDADERA?
Answer choices: [Los niños deben ser respetados desde que nacen., Los padres deben educar a sus hijos tan pronto como sea posible., Es el momento adecuado para educar a sus hijos cuando son adolescentes., Los niños deben ser ayudados cada vez que cometen errores.]
Answer: B"
high11140.txt,"León, de 12 años, nació sin dedos en la mano izquierda. Eso no le impidió ser capaz de hacer muchas tareas. Pero Leon no podía agarrar más de un objeto a la vez. Así que el padre de Leon, Paul, creó una prótesis usando una impresora 3D. Ahora Leon tiene dedos que se abren y cierran. ""Fue una aventura de padre e hijo"", dice Raw. Cuando Leon era un bebé, su médico aconsejó a sus padres que no le hicieran una prótesis hasta que llegara a la adolescencia. ""El médico dijo que primero León debía aprender a usar plenamente la mano con la que nació"", dice Paul. A medida que Leon crecía, su padre pensó en comprar una prótesis de mano, que puede costar hasta 30.000 dólares. Paul encontró una solución más asequible. Un día, Paul descubrió un video en Internet sobre Robohand, una prótesis creada con una impresora 3D. Descargó las instrucciones gratuitas y llamó a los creadores de Robohand para pedirles consejo. Le dijeron que todo lo que necesitaba era una impresora 3D, que cuesta alrededor de 2.000 dólares, y algunos materiales. Afortunadamente, la escuela de Leon había comprado recientemente una impresora 3D y se ofreció a ayudar a Paul a construir la mano para Leon. ""Utilizamos un protector de espinillas de fútbol, cartón y cinta adhesiva. Cuestan alrededor de 10 dólares"", dice Paul. Con su nueva mano, Leon puede hacer las cosas mejor. ""Puedo ayudar más a mi madre, porque ahora puedo llevar dos bolsas de comestibles"", dice. El padre de Leon ya lo ha construido. varias manos para Leon. Leon ayuda a diseñar cada uno. Dice que hay una cosa en particular que quiere hacer con una prótesis futura. ""El objetivo"", le dice al reportero del periódico local, ""es ser capaz de atarme los cordones de los zapatos"".","[{""question"": ""¿Por qué el médico de León desaprobó el uso de una prótesis en su infancia?"", ""answer"": ""C"", ""options"": [""La tecnología protética estaba subdesarrollada entonces."", ""Una prótesis era muy cara en ese momento."", ""Para dominar la mano discapacitada era importante."", ""La mano original podía hacer muchas tareas.""]}, {""question"": ""El padre de Leon se las arregló para conseguirle a Leon una nueva mano."", ""answer"": ""D"", ""options"": [""recogiendo dinero en Internet."", ""comprar una prótesis de mano"", ""la compra de una impresora 3D"", ""la impresión de una mano""]}, {""question"": ""Los materiales utilizados para la mano de León pueden ser descritos como"", ""answer"": ""A"", ""options"": [""barato y común"", ""Extraño y valioso."", ""Personal y encantador"", ""básico y sólido""]}, {""question"": ""¿De dónde se puede tomar el pasaje?"", ""answer"": ""B"", ""options"": [""Un anuncio ."", ""Un periódico ."", ""Un cartel"", ""Una guía de viajes""]}]","Lee el siguiente texto y responde las preguntas.

León, de 12 años, nació sin dedos en la mano izquierda. Eso no le impidió ser capaz de hacer muchas tareas. Pero Leon no podía agarrar más de un objeto a la vez. Así que el padre de Leon, Paul, creó una prótesis usando una impresora 3D. Ahora Leon tiene dedos que se abren y cierran. ""Fue una aventura de padre e hijo"", dice Raw. Cuando Leon era un bebé, su médico aconsejó a sus padres que no le hicieran una prótesis hasta que llegara a la adolescencia. ""El médico dijo que primero León debía aprender a usar plenamente la mano con la que nació"", dice Paul. A medida que Leon crecía, su padre pensó en comprar una prótesis de mano, que puede costar hasta 30.000 dólares. Paul encontró una solución más asequible. Un día, Paul descubrió un video en Internet sobre Robohand, una prótesis creada con una impresora 3D. Descargó las instrucciones gratuitas y llamó a los creadores de Robohand para pedirles consejo. Le dijeron que todo lo que necesitaba era una impresora 3D, que cuesta alrededor de 2.000 dólares, y algunos materiales. Afortunadamente, la escuela de Leon había comprado recientemente una impresora 3D y se ofreció a ayudar a Paul a construir la mano para Leon. ""Utilizamos un protector de espinillas de fútbol, cartón y cinta adhesiva. Cuestan alrededor de 10 dólares"", dice Paul. Con su nueva mano, Leon puede hacer las cosas mejor. ""Puedo ayudar más a mi madre, porque ahora puedo llevar dos bolsas de comestibles"", dice. El padre de Leon ya lo ha construido. varias manos para Leon. Leon ayuda a diseñar cada uno. Dice que hay una cosa en particular que quiere hacer con una prótesis futura. ""El objetivo"", le dice al reportero del periódico local, ""es ser capaz de atarme los cordones de los zapatos"".

Question 1: ¿Por qué el médico de León desaprobó el uso de una prótesis en su infancia?
Answer choices: [La tecnología protética estaba subdesarrollada entonces., Una prótesis era muy cara en ese momento., Para dominar la mano discapacitada era importante., La mano original podía hacer muchas tareas.]
Answer: C

Question 2: El padre de Leon se las arregló para conseguirle a Leon una nueva mano.
Answer choices: [recogiendo dinero en Internet., comprar una prótesis de mano, la compra de una impresora 3D, la impresión de una mano]
Answer: D

Question 3: Los materiales utilizados para la mano de León pueden ser descritos como
Answer choices: [barato y común, Extraño y valioso., Personal y encantador, básico y sólido]
Answer: A

Question 4: ¿De dónde se puede tomar el pasaje?
Answer choices: [Un anuncio ., Un periódico ., Un cartel, Una guía de viajes]
Answer: B"
high13516.txt,"DESDE perros y gatos hasta pandas y pingüinos, las listas de animales adorables pueden ser muy variadas. Sin embargo, cuando se trata de animales que dan miedo, las respuestas a menudo son más o menos las mismas: las serpientes y las arañas se encuentran entre las más temibles para la mayoría de nosotros. Sin embargo, la mayoría de nosotros nunca hemos sido mordidos por una serpiente o una araña. Entonces, ¿significa esto que nacemos con miedo a ciertas cosas? Los científicos han estado investigándolo activamente durante mucho tiempo. Por ejemplo, los estudios han sugerido que a los bebés les interesan mucho más los animales vivos que los de peluche. Este interés continúa incluso si esos animales son serpientes y arañas. Un estudio publicado en Psychological Science en 2008 parecía mostrar que las serpientes tenían un impacto diferente en los bebés. Cuando los científicos mostraron a los bebés videos de animales junto con sonidos aleatorios de voces humanas felices o asustadas, descubrieron que los bebés miraban a las serpientes por más tiempo que cualquier otro animal sin importar cómo sonaban las voces. Ahora, un equipo de la Universidad de Rutgers en Nueva Jersey, EE.UU. ha intentado desafiar la idea de que los bebés nacen con miedo a las serpientes y arañas. Según la BBC, los investigadores midieron las respuestas fisiológicas de los bebés mientras veían videos de serpientes y elefantes emparejados con voces temerosas y felices. Los científicos se propusieron entonces sorprender a los bebés para ver cómo reaccionarían. Los presentaron con un inesperado destello de luz brillante mientras veían un video. Como explicó la BBC, una sorpresa como esta sería más intensa si los bebés ya estuvieran asustados, al igual que cuando vemos películas de terror y saltamos más si ya estamos asustados. Sin embargo, según sus hallazgos, publicados recientemente en el Journal of Experimental Child Psychology, las respuestas sorprendidas de los bebés no fueron mayores cuando vieron un video de una serpiente, incluso cuando se mostró con una voz temerosa. La respuesta cardíaca también era más baja, lo que también daba la impresión de que los bebés no tenían miedo. ""Los niños no tienen miedo a las serpientes"", concluyó el estudio. Incluso si estudios anteriores habían sugerido que los bebés tienen diferentes respuestas a las serpientes, no está necesariamente relacionado con el miedo. ""Es posible que prestar más atención a algo pueda facilitar el aprendizaje del miedo más adelante. Esto lleva al aprendizaje del miedo"", dijo la coautora de la investigación, Vanessa LoBue. Explicó además que era bueno que los humanos no tuvieran un miedo innato a las serpientes porque haría que el deseo de un niño pequeño de explorar cosas nuevas fuera menos fuerte. En cambio, hemos evolucionado para aprender rápidamente a tener miedo de algo si resulta ser peligroso.","[{""question"": ""¿De qué trata principalmente el artículo?"", ""answer"": ""B"", ""options"": [""Cómo ha evolucionado el miedo de la gente a las serpientes y arañas."", ""Si los humanos nacen con miedo a las serpientes y arañas."", ""Por qué las serpientes y las arañas son consideradas los animales más temibles."", ""Cómo los bebés reaccionan de manera diferente a los adultos a las serpientes y arañas.""]}, {""question"": ""¿Cuál fue el hallazgo del estudio publicado en Psychological Science en 2008?"", ""answer"": ""D"", ""options"": [""Cuanto más tiempo los bebés miraban serpientes en el video, menos miedo tenían."", ""Las voces de miedo que los bebés escuchaban cuando veían vídeos de serpientes duplicaban su miedo a las serpientes."", ""Las respuestas de los bebés a la serpiente en los videos fueron muy afectadas por los tipos de voces que escucharon."", ""Los bebés se interesaron más por las serpientes que por los otros animales en los videos, independientemente de las voces humanas que escucharan.""]}, {""question"": ""¿Cómo reaccionaron los bebés cuando los investigadores de la Universidad de Rutgers los sorprendieron mientras veían un video de una serpiente?"", ""answer"": ""C"", ""options"": [""Prestaron más atención a las serpientes cuando escucharon una voz aterradora."", ""Las respuestas cardíacas de los bebés cambiaron ligeramente cuando escucharon una voz atemorizante."", ""Una voz temerosa no hizo que su sorprendida respuesta se volviera más intensa."", ""Se asustaron más cuando experimentaron un inesperado destello de luz brillante.""]}, {""question"": ""Según Vanessa LoBue, ya que los bebés no tienen un miedo innato a las serpientes, _"", ""answer"": ""B"", ""options"": [""les haría más fácil aprender el miedo."", ""les haría estar más dispuestos a explorar cosas nuevas"", ""les llevaría a mantenerse alejados de las cosas peligrosas"", ""les animaría a no tener miedo de nada""]}]","Lee el siguiente texto y responde las preguntas.

DESDE perros y gatos hasta pandas y pingüinos, las listas de animales adorables pueden ser muy variadas. Sin embargo, cuando se trata de animales que dan miedo, las respuestas a menudo son más o menos las mismas: las serpientes y las arañas se encuentran entre las más temibles para la mayoría de nosotros. Sin embargo, la mayoría de nosotros nunca hemos sido mordidos por una serpiente o una araña. Entonces, ¿significa esto que nacemos con miedo a ciertas cosas? Los científicos han estado investigándolo activamente durante mucho tiempo. Por ejemplo, los estudios han sugerido que a los bebés les interesan mucho más los animales vivos que los de peluche. Este interés continúa incluso si esos animales son serpientes y arañas. Un estudio publicado en Psychological Science en 2008 parecía mostrar que las serpientes tenían un impacto diferente en los bebés. Cuando los científicos mostraron a los bebés videos de animales junto con sonidos aleatorios de voces humanas felices o asustadas, descubrieron que los bebés miraban a las serpientes por más tiempo que cualquier otro animal sin importar cómo sonaban las voces. Ahora, un equipo de la Universidad de Rutgers en Nueva Jersey, EE.UU. ha intentado desafiar la idea de que los bebés nacen con miedo a las serpientes y arañas. Según la BBC, los investigadores midieron las respuestas fisiológicas de los bebés mientras veían videos de serpientes y elefantes emparejados con voces temerosas y felices. Los científicos se propusieron entonces sorprender a los bebés para ver cómo reaccionarían. Los presentaron con un inesperado destello de luz brillante mientras veían un video. Como explicó la BBC, una sorpresa como esta sería más intensa si los bebés ya estuvieran asustados, al igual que cuando vemos películas de terror y saltamos más si ya estamos asustados. Sin embargo, según sus hallazgos, publicados recientemente en el Journal of Experimental Child Psychology, las respuestas sorprendidas de los bebés no fueron mayores cuando vieron un video de una serpiente, incluso cuando se mostró con una voz temerosa. La respuesta cardíaca también era más baja, lo que también daba la impresión de que los bebés no tenían miedo. ""Los niños no tienen miedo a las serpientes"", concluyó el estudio. Incluso si estudios anteriores habían sugerido que los bebés tienen diferentes respuestas a las serpientes, no está necesariamente relacionado con el miedo. ""Es posible que prestar más atención a algo pueda facilitar el aprendizaje del miedo más adelante. Esto lleva al aprendizaje del miedo"", dijo la coautora de la investigación, Vanessa LoBue. Explicó además que era bueno que los humanos no tuvieran un miedo innato a las serpientes porque haría que el deseo de un niño pequeño de explorar cosas nuevas fuera menos fuerte. En cambio, hemos evolucionado para aprender rápidamente a tener miedo de algo si resulta ser peligroso.

Question 1: ¿De qué trata principalmente el artículo?
Answer choices: [Cómo ha evolucionado el miedo de la gente a las serpientes y arañas., Si los humanos nacen con miedo a las serpientes y arañas., Por qué las serpientes y las arañas son consideradas los animales más temibles., Cómo los bebés reaccionan de manera diferente a los adultos a las serpientes y arañas.]
Answer: B

Question 2: ¿Cuál fue el hallazgo del estudio publicado en Psychological Science en 2008?
Answer choices: [Cuanto más tiempo los bebés miraban serpientes en el video, menos miedo tenían., Las voces de miedo que los bebés escuchaban cuando veían vídeos de serpientes duplicaban su miedo a las serpientes., Las respuestas de los bebés a la serpiente en los videos fueron muy afectadas por los tipos de voces que escucharon., Los bebés se interesaron más por las serpientes que por los otros animales en los videos, independientemente de las voces humanas que escucharan.]
Answer: D

Question 3: ¿Cómo reaccionaron los bebés cuando los investigadores de la Universidad de Rutgers los sorprendieron mientras veían un video de una serpiente?
Answer choices: [Prestaron más atención a las serpientes cuando escucharon una voz aterradora., Las respuestas cardíacas de los bebés cambiaron ligeramente cuando escucharon una voz atemorizante., Una voz temerosa no hizo que su sorprendida respuesta se volviera más intensa., Se asustaron más cuando experimentaron un inesperado destello de luz brillante.]
Answer: C

Question 4: Según Vanessa LoBue, ya que los bebés no tienen un miedo innato a las serpientes, _
Answer choices: [les haría más fácil aprender el miedo., les haría estar más dispuestos a explorar cosas nuevas, les llevaría a mantenerse alejados de las cosas peligrosas, les animaría a no tener miedo de nada]
Answer: B"
high18349.txt,"¿Tienes miedo de los tiburones? ¡No deberías estarlo! A continuación aclaramos las principales _ acerca de una de las criaturas más perfectamente formadas del mundo ... Todos los tiburones son iguales. Esto no es cierto. Hay casi cuatrocientas especies de tiburones y varían mucho en su hábitat, tamaño, características, dieta y estilo de vida. Van desde el tiburón cigarro, que mide unos 15 centímetros de largo, hasta el tiburón ballena, que puede alcanzar unos nueve metros de largo. Más del 50 por ciento de los tiburones tienen menos de un metro de largo y más del 90 por ciento tienen menos de dos metros de largo. Y su hábitat varía desde aguas poco profundas hasta aguas profundas y desde el Ártico hasta el Trópico. - Esto tampoco es cierto. De hecho, muchas poblaciones de tiburones están disminuyendo. La razón principal de esto es que cientos de miles de ellos quedan atrapados en redes de pesca. Depende de dónde sean atrapados. O son asesinados por sus aletas, que se usan en la sopa de aleta de tiburón, o son arrojados de nuevo al mar porque no son deseados. Casi todos los tiburones que son descartados de esta manera mueren. Además, los tiburones maduran tarde en la vida y producen muy pocas crías. Si continúa la actual reducción de las poblaciones, el equilibrio ecológico de los océanos se verá gravemente amenazado. Los tiburones siempre te atacarán. Esto es una tontería. Las posibilidades de ser atacado por un tiburón son mínimas. Usted tiene 250 veces más probabilidades de ser asesinado por un rayo que por un tiburón, y sus probabilidades de ser asesinado por un rayo son prácticamente cero. Sin embargo, si planea nadar en el territorio de los tiburones, siga estas sencillas reglas: Evite nadar al amanecer o cuando la visibilidad disminuya. Evite las áreas donde hay olas rompiendo. El agua turbulenta hace que sea difícil para los tiburones ver y determinar si eres presa . No use joyas en el agua. Los tiburones se sienten atraídos por los peces brillantes, y las joyas pueden parecerse a sus escamas. No nades cerca de bancos de peces pequeños, que son el alimento favorito de algunos tiburones.","[{""question"": ""Desde el pasaje podemos aprender sobre los tiburones ."", ""answer"": ""D"", ""options"": [""Se parecen ."", ""son peligrosos"", ""Por lo general viven en aguas profundas."", ""Casi no atacan a la gente.""]}, {""question"": ""¿Cuál de las siguientes reglas debes seguir cuando vayas a nadar en áreas de tiburones?"", ""answer"": ""A"", ""options"": [""No nades antes del amanecer."", ""Elige áreas donde haya olas grandes."", ""Usa algo brillante cuando nades."", ""Elige áreas donde haya muchos peces pequeños.""]}]","Lee el siguiente texto y responde las preguntas.

¿Tienes miedo de los tiburones? ¡No deberías estarlo! A continuación aclaramos las principales _ acerca de una de las criaturas más perfectamente formadas del mundo ... Todos los tiburones son iguales. Esto no es cierto. Hay casi cuatrocientas especies de tiburones y varían mucho en su hábitat, tamaño, características, dieta y estilo de vida. Van desde el tiburón cigarro, que mide unos 15 centímetros de largo, hasta el tiburón ballena, que puede alcanzar unos nueve metros de largo. Más del 50 por ciento de los tiburones tienen menos de un metro de largo y más del 90 por ciento tienen menos de dos metros de largo. Y su hábitat varía desde aguas poco profundas hasta aguas profundas y desde el Ártico hasta el Trópico. - Esto tampoco es cierto. De hecho, muchas poblaciones de tiburones están disminuyendo. La razón principal de esto es que cientos de miles de ellos quedan atrapados en redes de pesca. Depende de dónde sean atrapados. O son asesinados por sus aletas, que se usan en la sopa de aleta de tiburón, o son arrojados de nuevo al mar porque no son deseados. Casi todos los tiburones que son descartados de esta manera mueren. Además, los tiburones maduran tarde en la vida y producen muy pocas crías. Si continúa la actual reducción de las poblaciones, el equilibrio ecológico de los océanos se verá gravemente amenazado. Los tiburones siempre te atacarán. Esto es una tontería. Las posibilidades de ser atacado por un tiburón son mínimas. Usted tiene 250 veces más probabilidades de ser asesinado por un rayo que por un tiburón, y sus probabilidades de ser asesinado por un rayo son prácticamente cero. Sin embargo, si planea nadar en el territorio de los tiburones, siga estas sencillas reglas: Evite nadar al amanecer o cuando la visibilidad disminuya. Evite las áreas donde hay olas rompiendo. El agua turbulenta hace que sea difícil para los tiburones ver y determinar si eres presa . No use joyas en el agua. Los tiburones se sienten atraídos por los peces brillantes, y las joyas pueden parecerse a sus escamas. No nades cerca de bancos de peces pequeños, que son el alimento favorito de algunos tiburones.

Question 1: Desde el pasaje podemos aprender sobre los tiburones .
Answer choices: [Se parecen ., son peligrosos, Por lo general viven en aguas profundas., Casi no atacan a la gente.]
Answer: D

Question 2: ¿Cuál de las siguientes reglas debes seguir cuando vayas a nadar en áreas de tiburones?
Answer choices: [No nades antes del amanecer., Elige áreas donde haya olas grandes., Usa algo brillante cuando nades., Elige áreas donde haya muchos peces pequeños.]
Answer: A"
high18899.txt,"Audrey Hepburn también. ) ganó un Premio de la Academia como Mejor Actriz por su primera gran película estadounidense, Roman Holiday, que se estrenó en 1953. Pero es recordada tanto por su trabajo humanitario como por su actuación. Nacida en Bélgica en 1929, el padre de Audrey era británico y su madre era holandesa. Audrey fue enviada a vivir a una escuela británica durante parte de su infancia. Durante la Segunda Guerra Mundial, vivió y estudió en los Países Bajos. Su madre pensó que estaría a salvo de los ataques alemanes. Audrey estudió danza cuando era adolescente y cuando regresó a Londres después de la guerra. Pero se dio cuenta de que no iba a ser una bailarina . Así que comenzó a tomar papeles en espectáculos teatrales. Más tarde comenzó a conseguir pequeños papeles en películas. Pero fue la mudanza de Audrey Hepburn a Estados Unidos lo que le trajo la verdadera fama. En 1951 interpretó el personaje ""Gigi"" en la obra de Broadway del mismo nombre con gran elogio de la crítica. Dos años más tarde, Roman Holiday la convirtió en una estrella a la edad de 24 años. Audrey hizo más de 25 películas. Entre sus papeles más populares estaba Holly Golightly en Desayuno en Tiffany's en 1961. Tres años después, interpretó a Eliza Doolittle en My Fair Lady. Se casó dos veces. En 1989, el Fondo de las Naciones Unidas para la Infancia nombró a Audrey embajadora de buena voluntad. Viajó por todo el mundo en apoyo de los proyectos de UNICEF. A menudo daba 15 entrevistas al día para obtener dinero y apoyo para los proyectos de UNICEF. Audrey Hepburn a menudo decía que su lealtad a UNICEF era el resultado de sus experiencias de niña durante la Primera Guerra Mundial. Ella dijo que sabía lo que era estar hambriento y ser salvado por la ayuda internacional. Fue embajadora de buena voluntad hasta su muerte en 1993 por cáncer de colon.","[{""question"": ""La razón por la que Audrey vivió y estudió en Holanda fue que ..."", ""answer"": ""C"", ""options"": [""La educación allí era excelente."", ""Sus padres eran de Gran Bretaña."", ""Estaba a salvo allí."", ""Ella quería ser una bailarina.""]}, {""question"": ""_ no se menciona en el pasaje sobre Audrey Hepburn."", ""answer"": ""D"", ""options"": [""Matrimonio"", ""Identidad"", ""La contribución"", ""Religión""]}]","Lee el siguiente texto y responde las preguntas.

Audrey Hepburn también. ) ganó un Premio de la Academia como Mejor Actriz por su primera gran película estadounidense, Roman Holiday, que se estrenó en 1953. Pero es recordada tanto por su trabajo humanitario como por su actuación. Nacida en Bélgica en 1929, el padre de Audrey era británico y su madre era holandesa. Audrey fue enviada a vivir a una escuela británica durante parte de su infancia. Durante la Segunda Guerra Mundial, vivió y estudió en los Países Bajos. Su madre pensó que estaría a salvo de los ataques alemanes. Audrey estudió danza cuando era adolescente y cuando regresó a Londres después de la guerra. Pero se dio cuenta de que no iba a ser una bailarina . Así que comenzó a tomar papeles en espectáculos teatrales. Más tarde comenzó a conseguir pequeños papeles en películas. Pero fue la mudanza de Audrey Hepburn a Estados Unidos lo que le trajo la verdadera fama. En 1951 interpretó el personaje ""Gigi"" en la obra de Broadway del mismo nombre con gran elogio de la crítica. Dos años más tarde, Roman Holiday la convirtió en una estrella a la edad de 24 años. Audrey hizo más de 25 películas. Entre sus papeles más populares estaba Holly Golightly en Desayuno en Tiffany's en 1961. Tres años después, interpretó a Eliza Doolittle en My Fair Lady. Se casó dos veces. En 1989, el Fondo de las Naciones Unidas para la Infancia nombró a Audrey embajadora de buena voluntad. Viajó por todo el mundo en apoyo de los proyectos de UNICEF. A menudo daba 15 entrevistas al día para obtener dinero y apoyo para los proyectos de UNICEF. Audrey Hepburn a menudo decía que su lealtad a UNICEF era el resultado de sus experiencias de niña durante la Primera Guerra Mundial. Ella dijo que sabía lo que era estar hambriento y ser salvado por la ayuda internacional. Fue embajadora de buena voluntad hasta su muerte en 1993 por cáncer de colon.

Question 1: La razón por la que Audrey vivió y estudió en Holanda fue que ...
Answer choices: [La educación allí era excelente., Sus padres eran de Gran Bretaña., Estaba a salvo allí., Ella quería ser una bailarina.]
Answer: C

Question 2: _ no se menciona en el pasaje sobre Audrey Hepburn.
Answer choices: [Matrimonio, Identidad, La contribución, Religión]
Answer: D"
high7480.txt,"Anna Koumikova nació el 7 de junio de 1981 en Moscú. Sus padres se llaman Allah y Sergel. Cuando tenía 5 años, sus padres vendieron su televisor para comprarle el primer bate de tenis para Navidad. Jugó en un club cerca de su casa hasta los 11 años. Luego se mudó a Bradenton, Florida para entrenar con Nick Bollitierri. A los 14 años, representó a Rusia en un partido de la Fed Cup y se convirtió en la jugadora más joven en ganar un partido de la Fed Cup. Kournikova hizo su primer show de la WTA a los 15 años en el US Open, donde finalmente perdió contra la jugadora Steffi Graf. Pero llegó a los cuartos de final dobles ese mismo partido. En 1996, Kournikova ganó el premio de Novata del Año y el año siguiente. Mejoró mucho e incluso llegó a las semifinales de Wimbledon. Perdió ante la número uno del mundo Martina Hingis en el Abierto de Francia y en Wimbledon. En 1999 ganó su título profesional en Midland, Miehigon, un partido internacional de la Federación de Tenis. Fue la quinta favorita en Illinois el mismo año y ganó su segundo partido de la ITF en su carrera. Ganó su primer título de Grand Slam en 1999 con Martina Hingis en dobles en el Abierto de Australia. Desde entonces, han jugado regularmente juntos y se han convertido rápidamente en una de las mejores parejas. En 1999, logró su primera final de la WTA en Key Biscayne contra Venus Williams en un duro partido de 3 sets. Ella ganó su primer título de dobles con Monica Seles en Tokio. En la actualidad Kournikova tiene más éxito en la red que en la red. Ella sigue siendo la ""más buscada"" y ""más descargada"" en Internet, tres veces más popular que el NO. 2 personaje deportivo, Michael Jordan. ¡ Aún es muy joven y parece tener un gran futuro por delante !","[{""question"": ""¿Cuál de las siguientes afirmaciones es correcta?"", ""answer"": ""D"", ""options"": [""Kournikova venció a Steffi Graf en el Abierto de Estados Unidos cuando tenía 15 años."", ""Kournikova ganó el premio de Novata del Año en 1999."", ""Koumikova ahora tiene más suerte en la red que en Internet."", ""En 1997, Kournikova trabajó duro para llegar a las semifinales en Wimbledon.""]}, {""question"": ""Kournikova ganó su primer título de Grand Slam en dobles en el Abierto de Australia con."", ""answer"": ""C"", ""options"": [""Steffi Graf"", ""Venus Williams también."", ""Martina Hingis, por ejemplo."", ""Monica Seles también.""]}, {""question"": ""Por el texto podemos saber que Kournikova ganó su título profesional en un partido de la ITF."", ""answer"": ""A"", ""options"": [""en la ciudad de Midland"", ""en Francia"", ""en el Reino Unido"", ""en Biscayne""]}, {""question"": ""¿Qué podemos aprender de Kournikova?"", ""answer"": ""A"", ""options"": [""Tiene muchos fans en Internet."", ""Sus padres la apoyaron mucho."", ""Ella venció a Martina Hings en 1996."", ""Jugó tenis para su país de origen, Rusia.""]}]","Lee el siguiente texto y responde las preguntas.

Anna Koumikova nació el 7 de junio de 1981 en Moscú. Sus padres se llaman Allah y Sergel. Cuando tenía 5 años, sus padres vendieron su televisor para comprarle el primer bate de tenis para Navidad. Jugó en un club cerca de su casa hasta los 11 años. Luego se mudó a Bradenton, Florida para entrenar con Nick Bollitierri. A los 14 años, representó a Rusia en un partido de la Fed Cup y se convirtió en la jugadora más joven en ganar un partido de la Fed Cup. Kournikova hizo su primer show de la WTA a los 15 años en el US Open, donde finalmente perdió contra la jugadora Steffi Graf. Pero llegó a los cuartos de final dobles ese mismo partido. En 1996, Kournikova ganó el premio de Novata del Año y el año siguiente. Mejoró mucho e incluso llegó a las semifinales de Wimbledon. Perdió ante la número uno del mundo Martina Hingis en el Abierto de Francia y en Wimbledon. En 1999 ganó su título profesional en Midland, Miehigon, un partido internacional de la Federación de Tenis. Fue la quinta favorita en Illinois el mismo año y ganó su segundo partido de la ITF en su carrera. Ganó su primer título de Grand Slam en 1999 con Martina Hingis en dobles en el Abierto de Australia. Desde entonces, han jugado regularmente juntos y se han convertido rápidamente en una de las mejores parejas. En 1999, logró su primera final de la WTA en Key Biscayne contra Venus Williams en un duro partido de 3 sets. Ella ganó su primer título de dobles con Monica Seles en Tokio. En la actualidad Kournikova tiene más éxito en la red que en la red. Ella sigue siendo la ""más buscada"" y ""más descargada"" en Internet, tres veces más popular que el NO. 2 personaje deportivo, Michael Jordan. ¡ Aún es muy joven y parece tener un gran futuro por delante !

Question 1: ¿Cuál de las siguientes afirmaciones es correcta?
Answer choices: [Kournikova venció a Steffi Graf en el Abierto de Estados Unidos cuando tenía 15 años., Kournikova ganó el premio de Novata del Año en 1999., Koumikova ahora tiene más suerte en la red que en Internet., En 1997, Kournikova trabajó duro para llegar a las semifinales en Wimbledon.]
Answer: D

Question 2: Kournikova ganó su primer título de Grand Slam en dobles en el Abierto de Australia con.
Answer choices: [Steffi Graf, Venus Williams también., Martina Hingis, por ejemplo., Monica Seles también.]
Answer: C

Question 3: Por el texto podemos saber que Kournikova ganó su título profesional en un partido de la ITF.
Answer choices: [en la ciudad de Midland, en Francia, en el Reino Unido, en Biscayne]
Answer: A

Question 4: ¿Qué podemos aprender de Kournikova?
Answer choices: [Tiene muchos fans en Internet., Sus padres la apoyaron mucho., Ella venció a Martina Hings en 1996., Jugó tenis para su país de origen, Rusia.]
Answer: A"
middle2191.txt,"¿Qué harías si tuvieras un accidente en tu vida diaria? Es importante que conozca los primeros auxilios en su vida diaria. Si una persona tiene un accidente, necesita atención médica antes de que se pueda encontrar un médico. Cuando das primeros auxilios, debes saber tres cosas: Primero, cuando una persona deja de respirar, abre su boca para ver si hay comida en su boca. En segundo lugar, si una persona no puede respirar, trate de comenzar su respiración de inmediato, utilizando una vía boca a boca. Tercero, si una persona está gravemente herida, trate de detener la hemorragia de inmediato. Y luego llevarlo / ella a un médico, porque si una persona pierde un tercio de su / su sangre, él / ella puede estar en gran peligro. Muchos accidentes pueden ocurrir en el hogar, y todo el mundo debe conocer algunos primeros auxilios para hacer frente a las lesiones comunes. Cuando una persona _ por un animal, lavar la herida con agua corriente fría antes de que él / ella es llevado a ver a un médico. Cuando una persona se queme, lave y enfríe el área de la piel bajo el grifo frío por un tiempo, luego ponga un trozo de tela limpia y seca sobre la quemadura. Si una persona tiene quemaduras graves, lleve al médico. Si una persona se corta el dedo, limpiarlo y poner un pedazo de papel limpio alrededor de la herida. En el futuro deberíamos aprender más sobre primeros auxilios y tratar de difundirlos.","[{""question"": ""¿A cuántos pasos debe prestar atención cuando brinda primeros auxilios?"", ""answer"": ""B"", ""options"": [""Las dos."", ""- ¿Cuál es el problema?"", ""¿Cuál es el número cuatro?"", ""¿Cuál es el número?""]}, {""question"": ""Si una persona está gravemente herida y sangrando, ¿qué debe hacer primero?"", ""answer"": ""A"", ""options"": [""Trate de detener la hemorragia de una vez."", ""Lave la herida con agua corriente fría."", ""Trate de comenzar su / su respiración a la vez."", ""Abre su boca y mira si hay comida en su boca.""]}, {""question"": ""Si Jim se corta el dedo, ¿qué primeros auxilios debe usted dar según el pasaje?"", ""answer"": ""C"", ""options"": [""Deberíamos lavar el corte con agua corriente fría."", ""Deberíamos poner un trozo de tela limpia y seca sobre el corte."", ""Deberíamos limpiarlo y poner un pedazo de papel limpio alrededor del corte."", ""Debemos lavar y enfriar el área de la piel bajo el grifo frío por un tiempo.""]}, {""question"": ""¿Cuál puede ser el MEJOR título para el pasaje?"", ""answer"": ""A"", ""options"": [""Cómo dar primeros auxilios"", ""Cómo detener la hemorragia"", ""Cómo tratar los diferentes cortes"", ""Cómo tratar las lesiones comunes""]}]","Lee el siguiente texto y responde las preguntas.

¿Qué harías si tuvieras un accidente en tu vida diaria? Es importante que conozca los primeros auxilios en su vida diaria. Si una persona tiene un accidente, necesita atención médica antes de que se pueda encontrar un médico. Cuando das primeros auxilios, debes saber tres cosas: Primero, cuando una persona deja de respirar, abre su boca para ver si hay comida en su boca. En segundo lugar, si una persona no puede respirar, trate de comenzar su respiración de inmediato, utilizando una vía boca a boca. Tercero, si una persona está gravemente herida, trate de detener la hemorragia de inmediato. Y luego llevarlo / ella a un médico, porque si una persona pierde un tercio de su / su sangre, él / ella puede estar en gran peligro. Muchos accidentes pueden ocurrir en el hogar, y todo el mundo debe conocer algunos primeros auxilios para hacer frente a las lesiones comunes. Cuando una persona _ por un animal, lavar la herida con agua corriente fría antes de que él / ella es llevado a ver a un médico. Cuando una persona se queme, lave y enfríe el área de la piel bajo el grifo frío por un tiempo, luego ponga un trozo de tela limpia y seca sobre la quemadura. Si una persona tiene quemaduras graves, lleve al médico. Si una persona se corta el dedo, limpiarlo y poner un pedazo de papel limpio alrededor de la herida. En el futuro deberíamos aprender más sobre primeros auxilios y tratar de difundirlos.

Question 1: ¿A cuántos pasos debe prestar atención cuando brinda primeros auxilios?
Answer choices: [Las dos., - ¿Cuál es el problema?, ¿Cuál es el número cuatro?, ¿Cuál es el número?]
Answer: B

Question 2: Si una persona está gravemente herida y sangrando, ¿qué debe hacer primero?
Answer choices: [Trate de detener la hemorragia de una vez., Lave la herida con agua corriente fría., Trate de comenzar su / su respiración a la vez., Abre su boca y mira si hay comida en su boca.]
Answer: A

Question 3: Si Jim se corta el dedo, ¿qué primeros auxilios debe usted dar según el pasaje?
Answer choices: [Deberíamos lavar el corte con agua corriente fría., Deberíamos poner un trozo de tela limpia y seca sobre el corte., Deberíamos limpiarlo y poner un pedazo de papel limpio alrededor del corte., Debemos lavar y enfriar el área de la piel bajo el grifo frío por un tiempo.]
Answer: C

Question 4: ¿Cuál puede ser el MEJOR título para el pasaje?
Answer choices: [Cómo dar primeros auxilios, Cómo detener la hemorragia, Cómo tratar los diferentes cortes, Cómo tratar las lesiones comunes]
Answer: A"
high11008.txt,"La historia comenzó con una joven madre que tenía tres hijos. Lamentablemente, el hijo menor desarrolló habilidades de pensamiento lentos, no teniendo la inteligencia de sus hermanos. Con el doble deber de ser la madre de la casa, estaba agotada, de modo que la más joven era a menudo el blanco de la ira y la molestia. Las palabras desagradables, como ""tonto"" y otras similares, servían de comida diaria para los más pequeños. Las palabras y maldiciones que recibió de su madre y las burlas de sus amigos lo convencieron de que estaba angustiando y avergonzando a su familia. Cada mañana se despertaba con su propia cara mirando el reflejo en el espejo, y comenzaba a decir en voz baja y con tristeza: ""El tonto va a la escuela. ""Como ciudadanos adultos, había un servicio militar obligatorio que debía ser vivido. Por lo tanto, el hijo menor también se inscribió y comenzó a seguir las diversas pruebas: una prueba médica, de capacidad física y otras pruebas. El día del anuncio, fue llamado a la junta de examinadores. En su mente, se convenció de que él era el tonto y no podía pasar las pruebas esta vez cuando entró en la habitación con la cabeza hacia abajo. No lo esperaba en absoluto. Las pruebas resultaron tener los más altos elogios de la junta de examinadores. ¡Felicidades, muchacho! ¡Los resultados de tus pruebas son increíbles! Eres realmente un gran y talentoso joven. ""Las palabras de la junta de examinadores se convirtieron en el descubrimiento de un nuevo lado de sí mismo que no se conocía de antemano. La voz seguía resonando en su mente, como ""Yo, el gran hombre, estoy en la ducha"", ""El gran hombre se lava la cara"", ""El joven talentoso se cepilla de nuevo los dientes"" y así sucesivamente. La confianza y la mejora de la autoimagen fueron más allá de lo habitual. 20 años más tarde, el más joven se estableció como un exitoso hombre de negocios que era admirado y respetado, y recibió muchos premios. La mentalidad y la creencia son el poder detrás del éxito que está dentro de nosotros. Lo que sea que pensemos y creamos o pensemos continuamente, eventualmente se materializará en la realidad. Esa es la ley universalmente aplicable.","[{""question"": ""¿Por qué la madre solía regañar a su hijo menor?"", ""answer"": ""A"", ""options"": [""No era tan listo como sus hermanos."", ""Él se consideraba un tonto."", ""No se portó bien en la escuela."", ""No cocinaba para su madre.""]}, {""question"": ""De la historia sabemos que la joven madre es _ ."", ""answer"": ""C"", ""options"": [""egoísta y perezosa."", ""amable y cariñoso"", ""malhumorado e impaciente"", ""de buen corazón y diligente""]}, {""question"": ""¿Qué pasó con el hijo menor más tarde?"", ""answer"": ""C"", ""options"": [""Recibió ayuda de otros."", ""Se convirtió en un admirable psicólogo."", ""Se volvió confiado y exitoso."", ""Desarrolló extrañas enfermedades mentales.""]}, {""question"": ""A partir de este pasaje, el autor nos dice que _ ."", ""answer"": ""D"", ""options"": [""El servicio militar puede cambiar a una persona por completo."", ""la actitud de las madres hacia los niños es importante"", ""Incluso un tonto puede convertirse en un exitoso hombre de negocios."", ""Piensa en grande y obtendrás grandes resultados""]}]","Lee el siguiente texto y responde las preguntas.

La historia comenzó con una joven madre que tenía tres hijos. Lamentablemente, el hijo menor desarrolló habilidades de pensamiento lentos, no teniendo la inteligencia de sus hermanos. Con el doble deber de ser la madre de la casa, estaba agotada, de modo que la más joven era a menudo el blanco de la ira y la molestia. Las palabras desagradables, como ""tonto"" y otras similares, servían de comida diaria para los más pequeños. Las palabras y maldiciones que recibió de su madre y las burlas de sus amigos lo convencieron de que estaba angustiando y avergonzando a su familia. Cada mañana se despertaba con su propia cara mirando el reflejo en el espejo, y comenzaba a decir en voz baja y con tristeza: ""El tonto va a la escuela. ""Como ciudadanos adultos, había un servicio militar obligatorio que debía ser vivido. Por lo tanto, el hijo menor también se inscribió y comenzó a seguir las diversas pruebas: una prueba médica, de capacidad física y otras pruebas. El día del anuncio, fue llamado a la junta de examinadores. En su mente, se convenció de que él era el tonto y no podía pasar las pruebas esta vez cuando entró en la habitación con la cabeza hacia abajo. No lo esperaba en absoluto. Las pruebas resultaron tener los más altos elogios de la junta de examinadores. ¡Felicidades, muchacho! ¡Los resultados de tus pruebas son increíbles! Eres realmente un gran y talentoso joven. ""Las palabras de la junta de examinadores se convirtieron en el descubrimiento de un nuevo lado de sí mismo que no se conocía de antemano. La voz seguía resonando en su mente, como ""Yo, el gran hombre, estoy en la ducha"", ""El gran hombre se lava la cara"", ""El joven talentoso se cepilla de nuevo los dientes"" y así sucesivamente. La confianza y la mejora de la autoimagen fueron más allá de lo habitual. 20 años más tarde, el más joven se estableció como un exitoso hombre de negocios que era admirado y respetado, y recibió muchos premios. La mentalidad y la creencia son el poder detrás del éxito que está dentro de nosotros. Lo que sea que pensemos y creamos o pensemos continuamente, eventualmente se materializará en la realidad. Esa es la ley universalmente aplicable.

Question 1: ¿Por qué la madre solía regañar a su hijo menor?
Answer choices: [No era tan listo como sus hermanos., Él se consideraba un tonto., No se portó bien en la escuela., No cocinaba para su madre.]
Answer: A

Question 2: De la historia sabemos que la joven madre es _ .
Answer choices: [egoísta y perezosa., amable y cariñoso, malhumorado e impaciente, de buen corazón y diligente]
Answer: C

Question 3: ¿Qué pasó con el hijo menor más tarde?
Answer choices: [Recibió ayuda de otros., Se convirtió en un admirable psicólogo., Se volvió confiado y exitoso., Desarrolló extrañas enfermedades mentales.]
Answer: C

Question 4: A partir de este pasaje, el autor nos dice que _ .
Answer choices: [El servicio militar puede cambiar a una persona por completo., la actitud de las madres hacia los niños es importante, Incluso un tonto puede convertirse en un exitoso hombre de negocios., Piensa en grande y obtendrás grandes resultados]
Answer: D"
high9615.txt,"Según el Ministerio de Salud, 260 millones de chinos padecen enfermedades crónicas, y el 85 por ciento de todas las muertes en China son causadas por estas enfermedades. Entre ellas, las enfermedades cardiovasculares han afectado a más personas que cualquier otro tipo de enfermedad crónica. Según la OMS (Organización Mundial de la Salud), el consumo de sal, una de las principales causas de la presión arterial alta que puede conducir a enfermedades cardiovasculares, es mucho mayor en China que en otros países. Douglas Bettcher, director de la Iniciativa Libre de Tabaco de la OMS, dice: ""La persona china promedio consume alrededor de 12 a 14 gramos (de sal) por día, mientras que la sugerencia de la OMS es el consumo de menos de 5 gramos por día. El alto consumo de sal es una de las principales causas de enfermedades cardiovasculares y hipertensión en China. Cambiar la forma en que se preparan los alimentos podría reducir el consumo de sal en China. Otro factor de riesgo importante en China es el tabaquismo. El Dr. Michael O'Leary, un representante de la OMS, dice: ""Ya sabemos que un millón de muertes en China están relacionadas con el tabaquismo. Significa que estamos viendo casi 3000 muertes al día en China, o dos muertes cada minuto, relacionadas con el tabaquismo. Según O'Leary, alrededor del 26 por ciento de los hombres que mueren de enfermedades relacionadas con el tabaquismo en China mueren antes de los 60 años. En otras palabras, la gente que todavía puede aportar mucho está muriendo demasiado joven. China ha intentado prohibir fumar, pero se necesitan más esfuerzos. Más de la mitad de las enfermedades crónicas se pueden prevenir cambiando los estilos de vida y reduciendo los riesgos. Los cuatro principales factores de riesgo son: el tabaquismo, las dietas ricas en grasas, sal y azúcar, los entornos que impiden la actividad física y el consumo de alcohol. Estas son las áreas en las que deben concentrarse los esfuerzos para hacer cambios.","[{""question"": ""¿Cuál de las siguientes es más común en China que en otros países?"", ""answer"": ""A"", ""options"": [""La cantidad de sal consumida"", ""El número de muertes causadas por la presión arterial alta."", ""El número de personas con enfermedades cardiovasculares."", ""El número de personas con presión arterial alta.""]}, {""question"": ""Según la OMS, ¿cuánta sal debe consumir un chino?"", ""answer"": ""B"", ""options"": [""Alrededor de 12 a 14 gramos por día."", ""Menos de 5 gramos por día."", ""Alrededor de 17 a 19 gramos por día."", ""Alrededor de 7 a 9 gramos por día.""]}]","Lee el siguiente texto y responde las preguntas.

Según el Ministerio de Salud, 260 millones de chinos padecen enfermedades crónicas, y el 85 por ciento de todas las muertes en China son causadas por estas enfermedades. Entre ellas, las enfermedades cardiovasculares han afectado a más personas que cualquier otro tipo de enfermedad crónica. Según la OMS (Organización Mundial de la Salud), el consumo de sal, una de las principales causas de la presión arterial alta que puede conducir a enfermedades cardiovasculares, es mucho mayor en China que en otros países. Douglas Bettcher, director de la Iniciativa Libre de Tabaco de la OMS, dice: ""La persona china promedio consume alrededor de 12 a 14 gramos (de sal) por día, mientras que la sugerencia de la OMS es el consumo de menos de 5 gramos por día. El alto consumo de sal es una de las principales causas de enfermedades cardiovasculares y hipertensión en China. Cambiar la forma en que se preparan los alimentos podría reducir el consumo de sal en China. Otro factor de riesgo importante en China es el tabaquismo. El Dr. Michael O'Leary, un representante de la OMS, dice: ""Ya sabemos que un millón de muertes en China están relacionadas con el tabaquismo. Significa que estamos viendo casi 3000 muertes al día en China, o dos muertes cada minuto, relacionadas con el tabaquismo. Según O'Leary, alrededor del 26 por ciento de los hombres que mueren de enfermedades relacionadas con el tabaquismo en China mueren antes de los 60 años. En otras palabras, la gente que todavía puede aportar mucho está muriendo demasiado joven. China ha intentado prohibir fumar, pero se necesitan más esfuerzos. Más de la mitad de las enfermedades crónicas se pueden prevenir cambiando los estilos de vida y reduciendo los riesgos. Los cuatro principales factores de riesgo son: el tabaquismo, las dietas ricas en grasas, sal y azúcar, los entornos que impiden la actividad física y el consumo de alcohol. Estas son las áreas en las que deben concentrarse los esfuerzos para hacer cambios.

Question 1: ¿Cuál de las siguientes es más común en China que en otros países?
Answer choices: [La cantidad de sal consumida, El número de muertes causadas por la presión arterial alta., El número de personas con enfermedades cardiovasculares., El número de personas con presión arterial alta.]
Answer: A

Question 2: Según la OMS, ¿cuánta sal debe consumir un chino?
Answer choices: [Alrededor de 12 a 14 gramos por día., Menos de 5 gramos por día., Alrededor de 17 a 19 gramos por día., Alrededor de 7 a 9 gramos por día.]
Answer: B"
